<NewDataSet xmlns="dbo">
  <xs:schema id="NewDataSet" targetNamespace="dbo" xmlns:mstns="dbo" xmlns="dbo" xmlns:xs="http://www.w3.org/2001/XMLSchema" xmlns:msdata="urn:schemas-microsoft-com:xml-msdata" attributeFormDefault="qualified" elementFormDefault="qualified">
    <xs:element name="NewDataSet" msdata:IsDataSet="true" msdata:MainDataTable="dbo_x003A_SysMenu" msdata:UseCurrentLocale="true">
      <xs:complexType>
        <xs:choice minOccurs="0" maxOccurs="unbounded">
          <xs:element name="SysMenu">
            <xs:complexType>
              <xs:sequence>
                <xs:element name="SmId">
                  <xs:simpleType>
                    <xs:restriction base="xs:string">
                      <xs:maxLength value="50" />
                    </xs:restriction>
                  </xs:simpleType>
                </xs:element>
                <xs:element name="SmPid" minOccurs="0">
                  <xs:simpleType>
                    <xs:restriction base="xs:string">
                      <xs:maxLength value="50" />
                    </xs:restriction>
                  </xs:simpleType>
                </xs:element>
                <xs:element name="SmName" minOccurs="0">
                  <xs:simpleType>
                    <xs:restriction base="xs:string">
                      <xs:maxLength value="50" />
                    </xs:restriction>
                  </xs:simpleType>
                </xs:element>
                <xs:element name="SmUrl" minOccurs="0">
                  <xs:simpleType>
                    <xs:restriction base="xs:string">
                      <xs:maxLength value="200" />
                    </xs:restriction>
                  </xs:simpleType>
                </xs:element>
                <xs:element name="SmOrder" type="xs:int" minOccurs="0" />
                <xs:element name="SmIcon" minOccurs="0">
                  <xs:simpleType>
                    <xs:restriction base="xs:string">
                      <xs:maxLength value="50" />
                    </xs:restriction>
                  </xs:simpleType>
                </xs:element>
                <xs:element name="SmStatus" type="xs:int" minOccurs="0" />
                <xs:element name="SmGroup" type="xs:int" minOccurs="0" />
              </xs:sequence>
            </xs:complexType>
          </xs:element>
        </xs:choice>
      </xs:complexType>
    </xs:element>
  </xs:schema>
  <SysMenu>
    <SmId>1DAB94C9-EF51-4BA2-A604-7DC7B78D56BC</SmId>
    <SmPid>00000000-0000-0000-0000-000000000000</SmPid>
    <SmName>系统设置</SmName>
    <SmOrder>9</SmOrder>
    <SmIcon>fa-cog</SmIcon>
    <SmStatus>1</SmStatus>
    <SmGroup>1</SmGroup>
  </SysMenu>
  <SysMenu>
    <SmId>2AE7FAF0-B627-4012-8A94-C5337579C8F5</SmId>
    <SmPid>00000000-0000-0000-0000-000000000000</SmPid>
    <SmName>NRF 框架示例</SmName>
    <SmOrder>3</SmOrder>
    <SmIcon>fa-tag</SmIcon>
    <SmStatus>1</SmStatus>
    <SmGroup>1</SmGroup>
  </SysMenu>
  <SysMenu>
    <SmId>2d5567ed-80d6-491c-b5e2-ef17babb3246</SmId>
    <SmPid>a9ae039c-2155-4ca8-b23a-5d793a71210e</SmPid>
    <SmName>多表单生成</SmName>
    <SmUrl>/rf/buildforms</SmUrl>
    <SmOrder>2</SmOrder>
    <SmIcon>fa-flag</SmIcon>
    <SmStatus>1</SmStatus>
    <SmGroup>1</SmGroup>
  </SysMenu>
  <SysMenu>
    <SmId>56ad6bac-d773-4460-b88f-164c08df4808</SmId>
    <SmPid>1DAB94C9-EF51-4BA2-A604-7DC7B78D56BC</SmPid>
    <SmName>按钮管理</SmName>
    <SmUrl>/setting/sysbutton</SmUrl>
    <SmOrder>1</SmOrder>
    <SmIcon>fa-save</SmIcon>
    <SmStatus>1</SmStatus>
    <SmGroup>1</SmGroup>
  </SysMenu>
  <SysMenu>
    <SmId>601C6500-808A-426B-9658-6BA830396AE3</SmId>
    <SmPid>1DAB94C9-EF51-4BA2-A604-7DC7B78D56BC</SmPid>
    <SmName>角色管理</SmName>
    <SmUrl>/setting/sysrole</SmUrl>
    <SmOrder>3</SmOrder>
    <SmIcon>fa-mortar-board (alias)</SmIcon>
    <SmStatus>1</SmStatus>
    <SmGroup>1</SmGroup>
  </SysMenu>
  <SysMenu>
    <SmId>60C478C8-B4B7-471F-AE7F-62DF7A6C44D4</SmId>
    <SmPid>1DAB94C9-EF51-4BA2-A604-7DC7B78D56BC</SmPid>
    <SmName>日志管理</SmName>
    <SmUrl>/setting/syslog</SmUrl>
    <SmOrder>6</SmOrder>
    <SmIcon>fa-file-text-o</SmIcon>
    <SmStatus>1</SmStatus>
    <SmGroup>1</SmGroup>
  </SysMenu>
  <SysMenu>
    <SmId>688BE98C-3D78-4B4D-A160-91476407599F</SmId>
    <SmPid>2AE7FAF0-B627-4012-8A94-C5337579C8F5</SmPid>
    <SmName>表格</SmName>
    <SmOrder>3</SmOrder>
    <SmIcon>fa-flag</SmIcon>
    <SmStatus>1</SmStatus>
    <SmGroup>1</SmGroup>
  </SysMenu>
  <SysMenu>
    <SmId>6C9E2090-B115-4D3E-948B-E5829A1886CF</SmId>
    <SmPid>1DAB94C9-EF51-4BA2-A604-7DC7B78D56BC</SmPid>
    <SmName>表配置</SmName>
    <SmUrl>/setting/systableconfig</SmUrl>
    <SmOrder>8</SmOrder>
    <SmIcon>fa-cog</SmIcon>
    <SmStatus>1</SmStatus>
    <SmGroup>1</SmGroup>
  </SysMenu>
  <SysMenu>
    <SmId>748d9667-bd7a-4745-be34-1057160ef444</SmId>
    <SmPid>688BE98C-3D78-4B4D-A160-91476407599F</SmPid>
    <SmName>Grid 表格联动</SmName>
    <SmUrl>/rf/gridchange</SmUrl>
    <SmOrder>3</SmOrder>
    <SmIcon>fa-flag</SmIcon>
    <SmStatus>1</SmStatus>
    <SmGroup>1</SmGroup>
  </SysMenu>
  <SysMenu>
    <SmId>800f8620-2b7b-4ea9-8e17-7c8d2b90561b</SmId>
    <SmPid>a9ae039c-2155-4ca8-b23a-5d793a71210e</SmPid>
    <SmName>上传</SmName>
    <SmUrl>/rf/upload</SmUrl>
    <SmOrder>4</SmOrder>
    <SmIcon>fa-cloud-upload</SmIcon>
    <SmStatus>1</SmStatus>
    <SmGroup>1</SmGroup>
  </SysMenu>
  <SysMenu>
    <SmId>8120ACDF-0642-4EA0-8BEC-83306D744319</SmId>
    <SmPid>1DAB94C9-EF51-4BA2-A604-7DC7B78D56BC</SmPid>
    <SmName>用户管理</SmName>
    <SmUrl>/setting/sysuser</SmUrl>
    <SmOrder>4</SmOrder>
    <SmIcon>fa-user</SmIcon>
    <SmStatus>1</SmStatus>
    <SmGroup>1</SmGroup>
  </SysMenu>
  <SysMenu>
    <SmId>89EB0D3E-5BAA-494E-AD49-7FE247405CDA</SmId>
    <SmPid>688BE98C-3D78-4B4D-A160-91476407599F</SmPid>
    <SmName>TreeGrid</SmName>
    <SmUrl>/rf/treegrid</SmUrl>
    <SmOrder>2</SmOrder>
    <SmIcon>fa-flag</SmIcon>
    <SmStatus>1</SmStatus>
    <SmGroup>1</SmGroup>
  </SysMenu>
  <SysMenu>
    <SmId>9494d996-bdf3-4cf9-9784-c40964ace3fb</SmId>
    <SmPid>a9ae039c-2155-4ca8-b23a-5d793a71210e</SmPid>
    <SmName>单据</SmName>
    <SmUrl>/rf/invoice</SmUrl>
    <SmOrder>3</SmOrder>
    <SmIcon>fa-flag</SmIcon>
    <SmStatus>1</SmStatus>
    <SmGroup>1</SmGroup>
  </SysMenu>
  <SysMenu>
    <SmId>A40C1D01-C682-483F-AF87-CD843AA457C7</SmId>
    <SmPid>2AE7FAF0-B627-4012-8A94-C5337579C8F5</SmPid>
    <SmName>表配置示例</SmName>
    <SmUrl>/rf/tce</SmUrl>
    <SmOrder>1</SmOrder>
    <SmIcon>fa-flag</SmIcon>
    <SmStatus>1</SmStatus>
    <SmGroup>1</SmGroup>
  </SysMenu>
  <SysMenu>
    <SmId>a5fc0578-72c4-4be1-9ad8-71ef0cc9f746</SmId>
    <SmPid>1DAB94C9-EF51-4BA2-A604-7DC7B78D56BC</SmPid>
    <SmName>菜单管理</SmName>
    <SmUrl>/setting/sysmenu</SmUrl>
    <SmOrder>2</SmOrder>
    <SmIcon>fa-navicon</SmIcon>
    <SmStatus>1</SmStatus>
    <SmGroup>1</SmGroup>
  </SysMenu>
  <SysMenu>
    <SmId>a9ae039c-2155-4ca8-b23a-5d793a71210e</SmId>
    <SmPid>2AE7FAF0-B627-4012-8A94-C5337579C8F5</SmPid>
    <SmName>表单</SmName>
    <SmOrder>4</SmOrder>
    <SmIcon>fa-flag</SmIcon>
    <SmStatus>1</SmStatus>
    <SmGroup>1</SmGroup>
  </SysMenu>
  <SysMenu>
    <SmId>B27D2434-DC15-4EFA-A586-E11DF23D5344</SmId>
    <SmPid>a9ae039c-2155-4ca8-b23a-5d793a71210e</SmPid>
    <SmName>静态表单示例</SmName>
    <SmUrl>/rf/form</SmUrl>
    <SmOrder>1</SmOrder>
    <SmIcon>fa-flag</SmIcon>
    <SmStatus>1</SmStatus>
    <SmGroup>1</SmGroup>
  </SysMenu>
  <SysMenu>
    <SmId>bb1516c7-834a-4ca4-a701-ed9e0f212c1d</SmId>
    <SmPid>1DAB94C9-EF51-4BA2-A604-7DC7B78D56BC</SmPid>
    <SmName>字典管理</SmName>
    <SmUrl>/setting/sysdictionary</SmUrl>
    <SmOrder>7</SmOrder>
    <SmIcon>fa-database</SmIcon>
    <SmStatus>1</SmStatus>
    <SmGroup>1</SmGroup>
  </SysMenu>
  <SysMenu>
    <SmId>DF9CFA05-847A-43B6-8119-E8FC7AE04734</SmId>
    <SmPid>688BE98C-3D78-4B4D-A160-91476407599F</SmPid>
    <SmName>DataGrid</SmName>
    <SmUrl>/rf/datagrid</SmUrl>
    <SmOrder>1</SmOrder>
    <SmIcon>fa-flag</SmIcon>
    <SmStatus>1</SmStatus>
    <SmGroup>1</SmGroup>
  </SysMenu>
  <SysMenu>
    <SmId>f45615da-a915-47d2-a623-4c956c785a95</SmId>
    <SmPid>a9ae039c-2155-4ca8-b23a-5d793a71210e</SmPid>
    <SmName>富文本</SmName>
    <SmUrl>/rf/richtext</SmUrl>
    <SmOrder>5</SmOrder>
    <SmIcon>fa-file-text-o</SmIcon>
    <SmStatus>1</SmStatus>
    <SmGroup>1</SmGroup>
  </SysMenu>
  <SysMenu>
    <SmId>F8C1C161-F1FC-4729-A00C-4A9893BF8209</SmId>
    <SmPid>00000000-0000-0000-0000-000000000000</SmPid>
    <SmName>系统桌面</SmName>
    <SmUrl>/home/desk</SmUrl>
    <SmOrder>1</SmOrder>
    <SmIcon>fa-home</SmIcon>
    <SmStatus>1</SmStatus>
    <SmGroup>1</SmGroup>
  </SysMenu>
</NewDataSet>