<NewDataSet xmlns="dbo">
  <xs:schema id="NewDataSet" targetNamespace="dbo" xmlns:mstns="dbo" xmlns="dbo" xmlns:xs="http://www.w3.org/2001/XMLSchema" xmlns:msdata="urn:schemas-microsoft-com:xml-msdata" attributeFormDefault="qualified" elementFormDefault="qualified">
    <xs:element name="NewDataSet" msdata:IsDataSet="true" msdata:MainDataTable="dbo_x003A_SysLog" msdata:UseCurrentLocale="true">
      <xs:complexType>
        <xs:choice minOccurs="0" maxOccurs="unbounded">
          <xs:element name="SysLog">
            <xs:complexType>
              <xs:sequence>
                <xs:element name="LogId">
                  <xs:simpleType>
                    <xs:restriction base="xs:string">
                      <xs:maxLength value="50" />
                    </xs:restriction>
                  </xs:simpleType>
                </xs:element>
                <xs:element name="SuName" minOccurs="0">
                  <xs:simpleType>
                    <xs:restriction base="xs:string">
                      <xs:maxLength value="50" />
                    </xs:restriction>
                  </xs:simpleType>
                </xs:element>
                <xs:element name="SuNickname" minOccurs="0">
                  <xs:simpleType>
                    <xs:restriction base="xs:string">
                      <xs:maxLength value="50" />
                    </xs:restriction>
                  </xs:simpleType>
                </xs:element>
                <xs:element name="LogAction" minOccurs="0">
                  <xs:simpleType>
                    <xs:restriction base="xs:string">
                      <xs:maxLength value="50" />
                    </xs:restriction>
                  </xs:simpleType>
                </xs:element>
                <xs:element name="LogContent" minOccurs="0">
                  <xs:simpleType>
                    <xs:restriction base="xs:string">
                      <xs:maxLength value="4000" />
                    </xs:restriction>
                  </xs:simpleType>
                </xs:element>
                <xs:element name="LogUrl" minOccurs="0">
                  <xs:simpleType>
                    <xs:restriction base="xs:string">
                      <xs:maxLength value="500" />
                    </xs:restriction>
                  </xs:simpleType>
                </xs:element>
                <xs:element name="LogIp" minOccurs="0">
                  <xs:simpleType>
                    <xs:restriction base="xs:string">
                      <xs:maxLength value="50" />
                    </xs:restriction>
                  </xs:simpleType>
                </xs:element>
                <xs:element name="LogUserAgent" minOccurs="0">
                  <xs:simpleType>
                    <xs:restriction base="xs:string">
                      <xs:maxLength value="500" />
                    </xs:restriction>
                  </xs:simpleType>
                </xs:element>
                <xs:element name="LogBrowserName" minOccurs="0">
                  <xs:simpleType>
                    <xs:restriction base="xs:string">
                      <xs:maxLength value="50" />
                    </xs:restriction>
                  </xs:simpleType>
                </xs:element>
                <xs:element name="LogSystemName" minOccurs="0">
                  <xs:simpleType>
                    <xs:restriction base="xs:string">
                      <xs:maxLength value="50" />
                    </xs:restriction>
                  </xs:simpleType>
                </xs:element>
                <xs:element name="LogGroup" type="xs:int" minOccurs="0" />
                <xs:element name="LogLevel" minOccurs="0">
                  <xs:simpleType>
                    <xs:restriction base="xs:string">
                      <xs:maxLength value="10" />
                    </xs:restriction>
                  </xs:simpleType>
                </xs:element>
                <xs:element name="LogCreateTime" type="xs:dateTime" minOccurs="0" />
                <xs:element name="LogRemark" minOccurs="0">
                  <xs:simpleType>
                    <xs:restriction base="xs:string">
                      <xs:maxLength value="200" />
                    </xs:restriction>
                  </xs:simpleType>
                </xs:element>
              </xs:sequence>
            </xs:complexType>
          </xs:element>
        </xs:choice>
      </xs:complexType>
    </xs:element>
  </xs:schema>
  <SysLog>
    <LogId>4929653614294577349</LogId>
    <SuName>admin</SuName>
    <SuNickname>管理员</SuNickname>
    <LogAction>/home/index</LogAction>
    <LogContent>首页</LogContent>
    <LogUrl>/</LogUrl>
    <LogIp>::1</LogIp>
    <LogUserAgent>Mozilla/5.0 (Windows NT 10.0; Win64; x64) AppleWebKit/537.36 (KHTML, like Gecko) Chrome/103.0.5060.114 Safari/537.36 Edg/103.0.1264.62</LogUserAgent>
    <LogBrowserName>Microsoft Edge 103.0.1264.62</LogBrowserName>
    <LogSystemName>Windows 10</LogSystemName>
    <LogGroup>1</LogGroup>
    <LogLevel>I</LogLevel>
    <LogCreateTime>2022-07-23T14:00:27.137+08:00</LogCreateTime>
    <LogRemark>请求耗时：951毫秒</LogRemark>
  </SysLog>
  <SysLog>
    <LogId>5411762331172659932</LogId>
    <SuName>admin</SuName>
    <SuNickname>管理员</SuNickname>
    <LogAction>/home/desk</LogAction>
    <LogContent>桌面</LogContent>
    <LogUrl>/home/desk</LogUrl>
    <LogIp>::1</LogIp>
    <LogUserAgent>Mozilla/5.0 (Windows NT 10.0; Win64; x64) AppleWebKit/537.36 (KHTML, like Gecko) Chrome/103.0.5060.114 Safari/537.36 Edg/103.0.1264.62</LogUserAgent>
    <LogBrowserName>Microsoft Edge 103.0.1264.62</LogBrowserName>
    <LogSystemName>Windows 10</LogSystemName>
    <LogGroup>1</LogGroup>
    <LogLevel>I</LogLevel>
    <LogCreateTime>2022-07-23T14:00:28.39+08:00</LogCreateTime>
    <LogRemark>请求耗时：308毫秒</LogRemark>
  </SysLog>
  <SysLog>
    <LogId>5180517296823866706</LogId>
    <SuName>admin</SuName>
    <SuNickname>管理员</SuNickname>
    <LogAction>/common/querymenu</LogAction>
    <LogContent>公共查询：菜单树</LogContent>
    <LogUrl>/Common/QueryMenu</LogUrl>
    <LogIp>::1</LogIp>
    <LogUserAgent>Mozilla/5.0 (Windows NT 10.0; Win64; x64) AppleWebKit/537.36 (KHTML, like Gecko) Chrome/103.0.5060.114 Safari/537.36 Edg/103.0.1264.62</LogUserAgent>
    <LogBrowserName>Microsoft Edge 103.0.1264.62</LogBrowserName>
    <LogSystemName>Windows 10</LogSystemName>
    <LogGroup>1</LogGroup>
    <LogLevel>I</LogLevel>
    <LogCreateTime>2022-07-23T14:00:28.397+08:00</LogCreateTime>
    <LogRemark>请求耗时：308毫秒</LogRemark>
  </SysLog>
  <SysLog>
    <LogId>4927509156811007580</LogId>
    <SuName>admin</SuName>
    <SuNickname>管理员</SuNickname>
    <LogAction>/setting/syslog</LogAction>
    <LogContent>系统日志页面</LogContent>
    <LogUrl>/setting/syslog</LogUrl>
    <LogIp>::1</LogIp>
    <LogUserAgent>Mozilla/5.0 (Windows NT 10.0; Win64; x64) AppleWebKit/537.36 (KHTML, like Gecko) Chrome/103.0.5060.114 Safari/537.36 Edg/103.0.1264.62</LogUserAgent>
    <LogBrowserName>Microsoft Edge 103.0.1264.62</LogBrowserName>
    <LogSystemName>Windows 10</LogSystemName>
    <LogGroup>1</LogGroup>
    <LogLevel>I</LogLevel>
    <LogCreateTime>2022-07-23T14:00:35.973+08:00</LogCreateTime>
    <LogRemark>请求耗时：377毫秒</LogRemark>
  </SysLog>
  <SysLog>
    <LogId>5319774988696132105</LogId>
    <SuName>admin</SuName>
    <SuNickname>管理员</SuNickname>
    <LogAction>/setting/querysyslog</LogAction>
    <LogContent>查询系统日志
DECLARE @__p_0 int = 0;
DECLARE @__p_1 int = 30;

SELECT [s].[LogId], [s].[LogAction], [s].[LogBrowserName], [s].[LogContent], [s].[LogCreateTime], [s].[LogGroup], [s].[LogIp], [s].[LogLevel], [s].[LogRemark], [s].[LogSystemName], [s].[LogUrl], [s].[LogUserAgent], [s].[SuName], [s].[SuNickname]
FROM [SysLog] AS [s]
ORDER BY [s].[LogCreateTime] DESC
OFFSET @__p_0 ROWS FETCH NEXT @__p_1 ROWS ONLY</LogContent>
    <LogUrl>/Setting/QuerySysLog?tableName=SysLog</LogUrl>
    <LogIp>::1</LogIp>
    <LogUserAgent>Mozilla/5.0 (Windows NT 10.0; Win64; x64) AppleWebKit/537.36 (KHTML, like Gecko) Chrome/103.0.5060.114 Safari/537.36 Edg/103.0.1264.62</LogUserAgent>
    <LogBrowserName>Microsoft Edge 103.0.1264.62</LogBrowserName>
    <LogSystemName>Windows 10</LogSystemName>
    <LogGroup>1</LogGroup>
    <LogLevel>I</LogLevel>
    <LogCreateTime>2022-07-23T14:00:36.537+08:00</LogCreateTime>
    <LogRemark>请求耗时：347毫秒</LogRemark>
  </SysLog>
  <SysLog>
    <LogId>5747135365187186278</LogId>
    <SuName>admin</SuName>
    <SuNickname>管理员</SuNickname>
    <LogAction>/home/swaggercustomstyle</LogAction>
    <LogContent>Swagger自定义样式</LogContent>
    <LogUrl>/Home/SwaggerCustomStyle</LogUrl>
    <LogIp>::1</LogIp>
    <LogUserAgent>Mozilla/5.0 (Windows NT 10.0; Win64; x64) AppleWebKit/537.36 (KHTML, like Gecko) Chrome/103.0.5060.114 Safari/537.36 Edg/103.0.1264.62</LogUserAgent>
    <LogBrowserName>Microsoft Edge 103.0.1264.62</LogBrowserName>
    <LogSystemName>Windows 10</LogSystemName>
    <LogGroup>1</LogGroup>
    <LogLevel>I</LogLevel>
    <LogCreateTime>2022-07-23T14:00:50.343+08:00</LogCreateTime>
    <LogRemark>请求耗时：48毫秒</LogRemark>
  </SysLog>
  <SysLog>
    <LogId>5283319464509505722</LogId>
    <SuName>admin</SuName>
    <SuNickname>管理员</SuNickname>
    <LogAction>/services/databasereset</LogAction>
    <LogContent>数据库重置</LogContent>
    <LogUrl>/Services/DatabaseReset?zipName=db%2Fbackup.zip</LogUrl>
    <LogIp>::1</LogIp>
    <LogUserAgent>Mozilla/5.0 (Windows NT 10.0; Win64; x64) AppleWebKit/537.36 (KHTML, like Gecko) Chrome/103.0.5060.114 Safari/537.36 Edg/103.0.1264.62</LogUserAgent>
    <LogBrowserName>Microsoft Edge 103.0.1264.62</LogBrowserName>
    <LogSystemName>Windows 10</LogSystemName>
    <LogGroup>1</LogGroup>
    <LogLevel>I</LogLevel>
    <LogCreateTime>2022-07-23T14:00:59.76+08:00</LogCreateTime>
    <LogRemark>请求耗时：2232毫秒</LogRemark>
  </SysLog>
  <SysLog>
    <LogId>5444544814539834880</LogId>
    <SuName>admin</SuName>
    <SuNickname>管理员</SuNickname>
    <LogAction>/home/index</LogAction>
    <LogContent>首页</LogContent>
    <LogUrl>/</LogUrl>
    <LogIp>::1</LogIp>
    <LogUserAgent>Mozilla/5.0 (Windows NT 10.0; Win64; x64) AppleWebKit/537.36 (KHTML, like Gecko) Chrome/103.0.5060.114 Safari/537.36 Edg/103.0.1264.62</LogUserAgent>
    <LogBrowserName>Microsoft Edge 103.0.1264.62</LogBrowserName>
    <LogSystemName>Windows 10</LogSystemName>
    <LogGroup>1</LogGroup>
    <LogLevel>I</LogLevel>
    <LogCreateTime>2022-07-23T14:02:41.9+08:00</LogCreateTime>
    <LogRemark>请求耗时：10毫秒</LogRemark>
  </SysLog>
  <SysLog>
    <LogId>5613945302913809216</LogId>
    <SuName>admin</SuName>
    <SuNickname>管理员</SuNickname>
    <LogAction>/common/querymenu</LogAction>
    <LogContent>公共查询：菜单树</LogContent>
    <LogUrl>/Common/QueryMenu</LogUrl>
    <LogIp>::1</LogIp>
    <LogUserAgent>Mozilla/5.0 (Windows NT 10.0; Win64; x64) AppleWebKit/537.36 (KHTML, like Gecko) Chrome/103.0.5060.114 Safari/537.36 Edg/103.0.1264.62</LogUserAgent>
    <LogBrowserName>Microsoft Edge 103.0.1264.62</LogBrowserName>
    <LogSystemName>Windows 10</LogSystemName>
    <LogGroup>1</LogGroup>
    <LogLevel>I</LogLevel>
    <LogCreateTime>2022-07-23T14:02:42.187+08:00</LogCreateTime>
    <LogRemark>请求耗时：3毫秒</LogRemark>
  </SysLog>
  <SysLog>
    <LogId>4695042459410694041</LogId>
    <SuName>admin</SuName>
    <SuNickname>管理员</SuNickname>
    <LogAction>/home/desk</LogAction>
    <LogContent>桌面</LogContent>
    <LogUrl>/home/desk</LogUrl>
    <LogIp>::1</LogIp>
    <LogUserAgent>Mozilla/5.0 (Windows NT 10.0; Win64; x64) AppleWebKit/537.36 (KHTML, like Gecko) Chrome/103.0.5060.114 Safari/537.36 Edg/103.0.1264.62</LogUserAgent>
    <LogBrowserName>Microsoft Edge 103.0.1264.62</LogBrowserName>
    <LogSystemName>Windows 10</LogSystemName>
    <LogGroup>1</LogGroup>
    <LogLevel>I</LogLevel>
    <LogCreateTime>2022-07-23T14:02:42.23+08:00</LogCreateTime>
    <LogRemark>请求耗时：9毫秒</LogRemark>
  </SysLog>
</NewDataSet>