<NewDataSet xmlns="dbo">
  <xs:schema id="NewDataSet" targetNamespace="dbo" xmlns:mstns="dbo" xmlns="dbo" xmlns:xs="http://www.w3.org/2001/XMLSchema" xmlns:msdata="urn:schemas-microsoft-com:xml-msdata" attributeFormDefault="qualified" elementFormDefault="qualified">
    <xs:element name="NewDataSet" msdata:IsDataSet="true" msdata:MainDataTable="dbo_x003A_TempInvoiceDetail" msdata:UseCurrentLocale="true">
      <xs:complexType>
        <xs:choice minOccurs="0" maxOccurs="unbounded">
          <xs:element name="TempInvoiceDetail">
            <xs:complexType>
              <xs:sequence>
                <xs:element name="TidId">
                  <xs:simpleType>
                    <xs:restriction base="xs:string">
                      <xs:maxLength value="50" />
                    </xs:restriction>
                  </xs:simpleType>
                </xs:element>
                <xs:element name="TimId" minOccurs="0">
                  <xs:simpleType>
                    <xs:restriction base="xs:string">
                      <xs:maxLength value="50" />
                    </xs:restriction>
                  </xs:simpleType>
                </xs:element>
                <xs:element name="TimNo" minOccurs="0">
                  <xs:simpleType>
                    <xs:restriction base="xs:string">
                      <xs:maxLength value="50" />
                    </xs:restriction>
                  </xs:simpleType>
                </xs:element>
                <xs:element name="TidOrder" type="xs:int" minOccurs="0" />
                <xs:element name="GoodsId" minOccurs="0">
                  <xs:simpleType>
                    <xs:restriction base="xs:string">
                      <xs:maxLength value="50" />
                    </xs:restriction>
                  </xs:simpleType>
                </xs:element>
                <xs:element name="GoodsCount" type="xs:int" minOccurs="0" />
                <xs:element name="GoodsCost" type="xs:decimal" minOccurs="0" />
                <xs:element name="GoodsPrice" type="xs:decimal" minOccurs="0" />
                <xs:element name="Spare1" minOccurs="0">
                  <xs:simpleType>
                    <xs:restriction base="xs:string">
                      <xs:maxLength value="50" />
                    </xs:restriction>
                  </xs:simpleType>
                </xs:element>
                <xs:element name="Spare2" minOccurs="0">
                  <xs:simpleType>
                    <xs:restriction base="xs:string">
                      <xs:maxLength value="50" />
                    </xs:restriction>
                  </xs:simpleType>
                </xs:element>
                <xs:element name="Spare3" minOccurs="0">
                  <xs:simpleType>
                    <xs:restriction base="xs:string">
                      <xs:maxLength value="50" />
                    </xs:restriction>
                  </xs:simpleType>
                </xs:element>
              </xs:sequence>
            </xs:complexType>
          </xs:element>
        </xs:choice>
      </xs:complexType>
      <xs:unique name="Constraint1" msdata:PrimaryKey="true">
        <xs:selector xpath=".//mstns:TempInvoiceDetail" />
        <xs:field xpath="mstns:TidId" />
      </xs:unique>
    </xs:element>
  </xs:schema>
  <TempInvoiceDetail>
    <TidId>897dfbb3-c975-4e93-ab0b-d302769b0509</TidId>
    <TimId>3b750ae8-0b7b-47f3-84ea-4eea75a3939c</TimId>
    <GoodsId>明细3</GoodsId>
    <GoodsCount>3</GoodsCount>
    <GoodsCost>4.00</GoodsCost>
    <GoodsPrice>5.00</GoodsPrice>
  </TempInvoiceDetail>
  <TempInvoiceDetail>
    <TidId>e78bee72-94d1-4ff8-a450-f609890ccb84</TidId>
    <TimId>3b750ae8-0b7b-47f3-84ea-4eea75a3939c</TimId>
    <GoodsId>明细2</GoodsId>
    <GoodsCount>1</GoodsCount>
    <GoodsCost>2.00</GoodsCost>
    <GoodsPrice>3.00</GoodsPrice>
  </TempInvoiceDetail>
  <TempInvoiceDetail>
    <TidId>ee0d3d87-12d8-4f36-ac92-c14d60083328</TidId>
    <TimId>3b750ae8-0b7b-47f3-84ea-4eea75a3939c</TimId>
    <GoodsId>商品名称（浏览商品表，带出商品属性）</GoodsId>
    <GoodsCount>5</GoodsCount>
    <GoodsCost>10.00</GoodsCost>
    <GoodsPrice>12.00</GoodsPrice>
  </TempInvoiceDetail>
</NewDataSet>