<NewDataSet xmlns="dbo">
  <xs:schema id="NewDataSet" targetNamespace="dbo" xmlns:mstns="dbo" xmlns="dbo" xmlns:xs="http://www.w3.org/2001/XMLSchema" xmlns:msdata="urn:schemas-microsoft-com:xml-msdata" attributeFormDefault="qualified" elementFormDefault="qualified">
    <xs:element name="NewDataSet" msdata:IsDataSet="true" msdata:MainDataTable="dbo_x003A_SysLog" msdata:UseCurrentLocale="true">
      <xs:complexType>
        <xs:choice minOccurs="0" maxOccurs="unbounded">
          <xs:element name="SysLog">
            <xs:complexType>
              <xs:sequence>
                <xs:element name="LogId">
                  <xs:simpleType>
                    <xs:restriction base="xs:string">
                      <xs:maxLength value="50" />
                    </xs:restriction>
                  </xs:simpleType>
                </xs:element>
                <xs:element name="SuName" minOccurs="0">
                  <xs:simpleType>
                    <xs:restriction base="xs:string">
                      <xs:maxLength value="50" />
                    </xs:restriction>
                  </xs:simpleType>
                </xs:element>
                <xs:element name="SuNickname" minOccurs="0">
                  <xs:simpleType>
                    <xs:restriction base="xs:string">
                      <xs:maxLength value="50" />
                    </xs:restriction>
                  </xs:simpleType>
                </xs:element>
                <xs:element name="LogAction" minOccurs="0">
                  <xs:simpleType>
                    <xs:restriction base="xs:string">
                      <xs:maxLength value="50" />
                    </xs:restriction>
                  </xs:simpleType>
                </xs:element>
                <xs:element name="LogContent" minOccurs="0">
                  <xs:simpleType>
                    <xs:restriction base="xs:string">
                      <xs:maxLength value="4000" />
                    </xs:restriction>
                  </xs:simpleType>
                </xs:element>
                <xs:element name="LogUrl" minOccurs="0">
                  <xs:simpleType>
                    <xs:restriction base="xs:string">
                      <xs:maxLength value="500" />
                    </xs:restriction>
                  </xs:simpleType>
                </xs:element>
                <xs:element name="LogIp" minOccurs="0">
                  <xs:simpleType>
                    <xs:restriction base="xs:string">
                      <xs:maxLength value="50" />
                    </xs:restriction>
                  </xs:simpleType>
                </xs:element>
                <xs:element name="LogArea" minOccurs="0">
                  <xs:simpleType>
                    <xs:restriction base="xs:string">
                      <xs:maxLength value="50" />
                    </xs:restriction>
                  </xs:simpleType>
                </xs:element>
                <xs:element name="LogUserAgent" minOccurs="0">
                  <xs:simpleType>
                    <xs:restriction base="xs:string">
                      <xs:maxLength value="500" />
                    </xs:restriction>
                  </xs:simpleType>
                </xs:element>
                <xs:element name="LogBrowserName" minOccurs="0">
                  <xs:simpleType>
                    <xs:restriction base="xs:string">
                      <xs:maxLength value="50" />
                    </xs:restriction>
                  </xs:simpleType>
                </xs:element>
                <xs:element name="LogSystemName" minOccurs="0">
                  <xs:simpleType>
                    <xs:restriction base="xs:string">
                      <xs:maxLength value="50" />
                    </xs:restriction>
                  </xs:simpleType>
                </xs:element>
                <xs:element name="LogGroup" type="xs:int" minOccurs="0" />
                <xs:element name="LogLevel" minOccurs="0">
                  <xs:simpleType>
                    <xs:restriction base="xs:string">
                      <xs:maxLength value="10" />
                    </xs:restriction>
                  </xs:simpleType>
                </xs:element>
                <xs:element name="LogCreateTime" type="xs:dateTime" minOccurs="0" />
                <xs:element name="LogRemark" minOccurs="0">
                  <xs:simpleType>
                    <xs:restriction base="xs:string">
                      <xs:maxLength value="200" />
                    </xs:restriction>
                  </xs:simpleType>
                </xs:element>
              </xs:sequence>
            </xs:complexType>
          </xs:element>
        </xs:choice>
      </xs:complexType>
      <xs:unique name="Constraint1" msdata:PrimaryKey="true">
        <xs:selector xpath=".//mstns:SysLog" />
        <xs:field xpath="mstns:LogId" />
      </xs:unique>
    </xs:element>
  </xs:schema>
  <SysLog>
    <LogId>5549319640697722552</LogId>
    <SuName>admin</SuName>
    <SuNickname>管理员</SuNickname>
    <LogAction>/setting/savesysrole</LogAction>
    <LogContent>保存系统角色</LogContent>
    <LogUrl>/Setting/SaveSysRole</LogUrl>
    <LogIp>::1</LogIp>
    <LogArea>fail</LogArea>
    <LogUserAgent>Mozilla/5.0 (Windows NT 10.0; Win64; x64) AppleWebKit/537.36 (KHTML, like Gecko) Chrome/98.0.4758.102 Safari/537.36 Edg/98.0.1108.56</LogUserAgent>
    <LogBrowserName>Microsoft Edge 98.0.1108.56</LogBrowserName>
    <LogSystemName>Windows 10</LogSystemName>
    <LogGroup>1</LogGroup>
    <LogLevel>I</LogLevel>
    <LogCreateTime>2022-02-23T10:39:12.7+08:00</LogCreateTime>
    <LogRemark>请求耗时：6毫秒</LogRemark>
  </SysLog>
  <SysLog>
    <LogId>5693235430601747411</LogId>
    <SuName>admin</SuName>
    <SuNickname>管理员</SuNickname>
    <LogAction>/tool/serverstatus</LogAction>
    <LogContent>服务器状态</LogContent>
    <LogUrl>/Tool/ServerStatus</LogUrl>
    <LogIp>::1</LogIp>
    <LogArea>fail</LogArea>
    <LogUserAgent>Mozilla/5.0 (Windows NT 10.0; Win64; x64) AppleWebKit/537.36 (KHTML, like Gecko) Chrome/98.0.4758.102 Safari/537.36 Edg/98.0.1108.56</LogUserAgent>
    <LogBrowserName>Microsoft Edge 98.0.1108.56</LogBrowserName>
    <LogSystemName>Windows 10</LogSystemName>
    <LogGroup>1</LogGroup>
    <LogLevel>I</LogLevel>
    <LogCreateTime>2022-02-23T10:40:34.34+08:00</LogCreateTime>
    <LogRemark>请求耗时：2010毫秒</LogRemark>
  </SysLog>
</NewDataSet>