<NewDataSet xmlns="dbo">
  <xs:schema id="NewDataSet" targetNamespace="dbo" xmlns:mstns="dbo" xmlns="dbo" xmlns:xs="http://www.w3.org/2001/XMLSchema" xmlns:msdata="urn:schemas-microsoft-com:xml-msdata" attributeFormDefault="qualified" elementFormDefault="qualified">
    <xs:element name="NewDataSet" msdata:IsDataSet="true" msdata:MainDataTable="dbo_x003A_SysDictionary" msdata:UseCurrentLocale="true">
      <xs:complexType>
        <xs:choice minOccurs="0" maxOccurs="unbounded">
          <xs:element name="SysDictionary" msdata:MinimumCapacity="10000">
            <xs:complexType>
              <xs:sequence>
                <xs:element name="SdId">
                  <xs:simpleType>
                    <xs:restriction base="xs:string">
                      <xs:maxLength value="50" />
                    </xs:restriction>
                  </xs:simpleType>
                </xs:element>
                <xs:element name="SdPid" minOccurs="0">
                  <xs:simpleType>
                    <xs:restriction base="xs:string">
                      <xs:maxLength value="50" />
                    </xs:restriction>
                  </xs:simpleType>
                </xs:element>
                <xs:element name="SdType" minOccurs="0">
                  <xs:simpleType>
                    <xs:restriction base="xs:string">
                      <xs:maxLength value="200" />
                    </xs:restriction>
                  </xs:simpleType>
                </xs:element>
                <xs:element name="SdKey" minOccurs="0">
                  <xs:simpleType>
                    <xs:restriction base="xs:string">
                      <xs:maxLength value="200" />
                    </xs:restriction>
                  </xs:simpleType>
                </xs:element>
                <xs:element name="SdValue" minOccurs="0">
                  <xs:simpleType>
                    <xs:restriction base="xs:string">
                      <xs:maxLength value="200" />
                    </xs:restriction>
                  </xs:simpleType>
                </xs:element>
                <xs:element name="SdOrder" type="xs:int" minOccurs="0" />
                <xs:element name="SdStatus" type="xs:int" minOccurs="0" />
                <xs:element name="SdRemark" minOccurs="0">
                  <xs:simpleType>
                    <xs:restriction base="xs:string">
                      <xs:maxLength value="200" />
                    </xs:restriction>
                  </xs:simpleType>
                </xs:element>
                <xs:element name="SdAttribute1" minOccurs="0">
                  <xs:simpleType>
                    <xs:restriction base="xs:string">
                      <xs:maxLength value="50" />
                    </xs:restriction>
                  </xs:simpleType>
                </xs:element>
                <xs:element name="SdAttribute2" minOccurs="0">
                  <xs:simpleType>
                    <xs:restriction base="xs:string">
                      <xs:maxLength value="50" />
                    </xs:restriction>
                  </xs:simpleType>
                </xs:element>
                <xs:element name="SdAttribute3" minOccurs="0">
                  <xs:simpleType>
                    <xs:restriction base="xs:string">
                      <xs:maxLength value="50" />
                    </xs:restriction>
                  </xs:simpleType>
                </xs:element>
              </xs:sequence>
            </xs:complexType>
          </xs:element>
        </xs:choice>
      </xs:complexType>
    </xs:element>
  </xs:schema>
  <SysDictionary>
    <SdId>4802e5d0-261f-4993-8e8c-48c73446a2f2</SdId>
    <SdPid>00000000-0000-0000-0000-000000000000</SdPid>
    <SdType>SysDictionary:SdType</SdType>
    <SdKey>1</SdKey>
    <SdValue>男</SdValue>
    <SdOrder>1</SdOrder>
    <SdStatus>1</SdStatus>
  </SysDictionary>
  <SysDictionary>
    <SdId>60ed6c37-8988-42ff-add9-3f7c8d700818</SdId>
    <SdPid>00000000-0000-0000-0000-000000000000</SdPid>
    <SdType>SysDictionary:SdType</SdType>
    <SdKey>2</SdKey>
    <SdValue>女</SdValue>
    <SdOrder>2</SdOrder>
    <SdStatus>1</SdStatus>
  </SysDictionary>
  <SysDictionary>
    <SdId>3d070710-365d-44a7-9954-4eef8654ffc7</SdId>
    <SdPid>00000000-0000-0000-0000-000000000000</SdPid>
    <SdType>SysDictionary:SdType</SdType>
    <SdKey>3</SdKey>
    <SdValue>中性</SdValue>
    <SdOrder>3</SdOrder>
    <SdStatus>2</SdStatus>
  </SysDictionary>
</NewDataSet>