<NewDataSet xmlns="dbo">
  <xs:schema id="NewDataSet" targetNamespace="dbo" xmlns:mstns="dbo" xmlns="dbo" xmlns:xs="http://www.w3.org/2001/XMLSchema" xmlns:msdata="urn:schemas-microsoft-com:xml-msdata" attributeFormDefault="qualified" elementFormDefault="qualified">
    <xs:element name="NewDataSet" msdata:IsDataSet="true" msdata:MainDataTable="dbo_x003A_SysRole" msdata:UseCurrentLocale="true">
      <xs:complexType>
        <xs:choice minOccurs="0" maxOccurs="unbounded">
          <xs:element name="SysRole" msdata:MinimumCapacity="10000">
            <xs:complexType>
              <xs:sequence>
                <xs:element name="SrId">
                  <xs:simpleType>
                    <xs:restriction base="xs:string">
                      <xs:maxLength value="50" />
                    </xs:restriction>
                  </xs:simpleType>
                </xs:element>
                <xs:element name="SrName" minOccurs="0">
                  <xs:simpleType>
                    <xs:restriction base="xs:string">
                      <xs:maxLength value="200" />
                    </xs:restriction>
                  </xs:simpleType>
                </xs:element>
                <xs:element name="SrStatus" type="xs:int" minOccurs="0" />
                <xs:element name="SrDescribe" minOccurs="0">
                  <xs:simpleType>
                    <xs:restriction base="xs:string">
                      <xs:maxLength value="200" />
                    </xs:restriction>
                  </xs:simpleType>
                </xs:element>
                <xs:element name="SrGroup" type="xs:int" minOccurs="0" />
                <xs:element name="SrMenus" minOccurs="0">
                  <xs:simpleType>
                    <xs:restriction base="xs:string">
                      <xs:maxLength value="2147483647" />
                    </xs:restriction>
                  </xs:simpleType>
                </xs:element>
                <xs:element name="SrButtons" minOccurs="0">
                  <xs:simpleType>
                    <xs:restriction base="xs:string">
                      <xs:maxLength value="2147483647" />
                    </xs:restriction>
                  </xs:simpleType>
                </xs:element>
                <xs:element name="SrCreateTime" type="xs:dateTime" minOccurs="0" />
              </xs:sequence>
            </xs:complexType>
          </xs:element>
        </xs:choice>
      </xs:complexType>
    </xs:element>
  </xs:schema>
  <SysRole>
    <SrId>58307c67-76b8-4156-bde3-f307f4da25e9</SrId>
    <SrName>测试</SrName>
    <SrStatus>1</SrStatus>
    <SrMenus>F8C1C161-F1FC-4729-A00C-4A9893BF8209,688BE98C-3D78-4B4D-A160-91476407599F,DF9CFA05-847A-43B6-8119-E8FC7AE04734,89EB0D3E-5BAA-494E-AD49-7FE247405CDA,748d9667-bd7a-4745-be34-1057160ef444,a9ae039c-2155-4ca8-b23a-5d793a71210e,B27D2434-DC15-4EFA-A586-E11DF23D5344,2d5567ed-80d6-491c-b5e2-ef17babb3246,9494d996-bdf3-4cf9-9784-c40964ace3fb,800f8620-2b7b-4ea9-8e17-7c8d2b90561b,f45615da-a915-47d2-a623-4c956c785a95,2AE7FAF0-B627-4012-8A94-C5337579C8F5</SrMenus>
    <SrButtons>{"601C6500-808A-426B-9658-6BA830396AE3":"EFE021E2-30FE-4500-9BF6-52611F1AAA4A,90ED8666-0961-426D-B582-E08C43EEE9E1,99A7F6EB-69BD-4167-B647-B10D3E12A3F3,3B4EBAB9-F2A5-43C8-8BCB-94B9A3AA5131,5C1A8DE4-F0EC-4795-AF48-6F0C97EB940E,ACD7FC7F-DE75-4502-B619-CF6BDA16CB9A,a26aa1f9-1a8d-4a0f-a222-83c8470d86aa,A04A57A2-014C-4D47-A6A2-B5018ED286CB,609287B6-4B59-4E59-A822-B8C1087BB603,D2B8534F-D435-4E39-AC9D-4294AFC492DB,AE0D0298-FE28-405F-82AB-00E310FFE9C2,4FC96135-26B5-46D7-B809-747AD71F2A21,7ca5f9e0-9435-42d9-afe6-f388bd6c7b3a","60C478C8-B4B7-471F-AE7F-62DF7A6C44D4":"EFE021E2-30FE-4500-9BF6-52611F1AAA4A,5C1A8DE4-F0EC-4795-AF48-6F0C97EB940E,A04A57A2-014C-4D47-A6A2-B5018ED286CB,609287B6-4B59-4E59-A822-B8C1087BB603,D2B8534F-D435-4E39-AC9D-4294AFC492DB,AE0D0298-FE28-405F-82AB-00E310FFE9C2,4FC96135-26B5-46D7-B809-747AD71F2A21,7ca5f9e0-9435-42d9-afe6-f388bd6c7b3a","6C9E2090-B115-4D3E-948B-E5829A1886CF":"EFE021E2-30FE-4500-9BF6-52611F1AAA4A,90ED8666-0961-426D-B582-E08C43EEE9E1,99A7F6EB-69BD-4167-B647-B10D3E12A3F3,3B4EBAB9-F2A5-43C8-8BCB-94B9A3AA5131,5C1A8DE4-F0EC-4795-AF48-6F0C97EB940E,A04A57A2-014C-4D47-A6A2-B5018ED286CB,D2B8534F-D435-4E39-AC9D-4294AFC492DB,AE0D0298-FE28-405F-82AB-00E310FFE9C2,4FC96135-26B5-46D7-B809-747AD71F2A21,7ca5f9e0-9435-42d9-afe6-f388bd6c7b3a","8120ACDF-0642-4EA0-8BEC-83306D744319":"EFE021E2-30FE-4500-9BF6-52611F1AAA4A,90ED8666-0961-426D-B582-E08C43EEE9E1,99A7F6EB-69BD-4167-B647-B10D3E12A3F3,3B4EBAB9-F2A5-43C8-8BCB-94B9A3AA5131,5C1A8DE4-F0EC-4795-AF48-6F0C97EB940E,A04A57A2-014C-4D47-A6A2-B5018ED286CB,609287B6-4B59-4E59-A822-B8C1087BB603,D2B8534F-D435-4E39-AC9D-4294AFC492DB,AE0D0298-FE28-405F-82AB-00E310FFE9C2,4FC96135-26B5-46D7-B809-747AD71F2A21,7ca5f9e0-9435-42d9-afe6-f388bd6c7b3a","F8C1C161-F1FC-4729-A00C-4A9893BF8209":"","9C145834-8336-4E63-A34C-6DF8E5854C96":"","B27D2434-DC15-4EFA-A586-E11DF23D5344":"90ED8666-0961-426D-B582-E08C43EEE9E1,5C1A8DE4-F0EC-4795-AF48-6F0C97EB940E,D3A31A0C-C842-4709-82DD-A33B0253A462,A04A57A2-014C-4D47-A6A2-B5018ED286CB,7ca5f9e0-9435-42d9-afe6-f388bd6c7b3a","1CDBF142-7F5C-42E8-A426-370BF4542224":"A04A57A2-014C-4D47-A6A2-B5018ED286CB","A40C1D01-C682-483F-AF87-CD843AA457C7":"EFE021E2-30FE-4500-9BF6-52611F1AAA4A,90ED8666-0961-426D-B582-E08C43EEE9E1,99A7F6EB-69BD-4167-B647-B10D3E12A3F3,3B4EBAB9-F2A5-43C8-8BCB-94B9A3AA5131,5C1A8DE4-F0EC-4795-AF48-6F0C97EB940E,D3A31A0C-C842-4709-82DD-A33B0253A462,A04A57A2-014C-4D47-A6A2-B5018ED286CB,26008EAA-4ED7-46E0-8BBF-DCF1472397E0,58F7DA5E-37F8-4648-80F3-998E702A4D91,73CF6246-4429-4EF2-A0DA-F86F96B9BEBB,C42B2ECC-3A18-495B-9BC6-B315FEA5A951,807FF920-37AA-40F7-92BC-3FC894D4D7A3,9B2265A4-A01F-48E8-9373-A6A294FCC1B7,3636B071-CE52-4551-BA67-4F982D14CD7C,609287B6-4B59-4E59-A822-B8C1087BB603,85C51241-19D1-4BD0-A35B-DB570ACD0E85,F60C1C50-EBDC-430A-BE3A-30C4AB23C3FD,EAED8E4A-E6DA-4075-883F-8B5559B7A9AD,D2B8534F-D435-4E39-AC9D-4294AFC492DB,AE0D0298-FE28-405F-82AB-00E310FFE9C2,4FC96135-26B5-46D7-B809-747AD71F2A21,7ca5f9e0-9435-42d9-afe6-f388bd6c7b3a","DF9CFA05-847A-43B6-8119-E8FC7AE04734":"EFE021E2-30FE-4500-9BF6-52611F1AAA4A,A04A57A2-014C-4D47-A6A2-B5018ED286CB,26008EAA-4ED7-46E0-8BBF-DCF1472397E0,58F7DA5E-37F8-4648-80F3-998E702A4D91,73CF6246-4429-4EF2-A0DA-F86F96B9BEBB,C42B2ECC-3A18-495B-9BC6-B315FEA5A951,807FF920-37AA-40F7-92BC-3FC894D4D7A3,9B2265A4-A01F-48E8-9373-A6A294FCC1B7,7ca5f9e0-9435-42d9-afe6-f388bd6c7b3a","89EB0D3E-5BAA-494E-AD49-7FE247405CDA":"A04A57A2-014C-4D47-A6A2-B5018ED286CB,7ca5f9e0-9435-42d9-afe6-f388bd6c7b3a","F5415EAE-694F-4332-B259-E86BDC54AA09":"A04A57A2-014C-4D47-A6A2-B5018ED286CB","56ad6bac-d773-4460-b88f-164c08df4808":"90ED8666-0961-426D-B582-E08C43EEE9E1,99A7F6EB-69BD-4167-B647-B10D3E12A3F3,3B4EBAB9-F2A5-43C8-8BCB-94B9A3AA5131,5C1A8DE4-F0EC-4795-AF48-6F0C97EB940E,A04A57A2-014C-4D47-A6A2-B5018ED286CB,D2B8534F-D435-4E39-AC9D-4294AFC492DB,AE0D0298-FE28-405F-82AB-00E310FFE9C2,4FC96135-26B5-46D7-B809-747AD71F2A21,7ca5f9e0-9435-42d9-afe6-f388bd6c7b3a","a5fc0578-72c4-4be1-9ad8-71ef0cc9f746":"90ED8666-0961-426D-B582-E08C43EEE9E1,99A7F6EB-69BD-4167-B647-B10D3E12A3F3,3B4EBAB9-F2A5-43C8-8BCB-94B9A3AA5131,5C1A8DE4-F0EC-4795-AF48-6F0C97EB940E,A04A57A2-014C-4D47-A6A2-B5018ED286CB,D2B8534F-D435-4E39-AC9D-4294AFC492DB,AE0D0298-FE28-405F-82AB-00E310FFE9C2,4FC96135-26B5-46D7-B809-747AD71F2A21,7ca5f9e0-9435-42d9-afe6-f388bd6c7b3a","faa428d6-6d57-4fe2-84cf-48ab7beaa950":"EFE021E2-30FE-4500-9BF6-52611F1AAA4A,90ED8666-0961-426D-B582-E08C43EEE9E1,99A7F6EB-69BD-4167-B647-B10D3E12A3F3,3B4EBAB9-F2A5-43C8-8BCB-94B9A3AA5131,5C1A8DE4-F0EC-4795-AF48-6F0C97EB940E,A04A57A2-014C-4D47-A6A2-B5018ED286CB,AE0D0298-FE28-405F-82AB-00E310FFE9C2,4FC96135-26B5-46D7-B809-747AD71F2A21,D2B8534F-D435-4E39-AC9D-4294AFC492DB","748d9667-bd7a-4745-be34-1057160ef444":"A04A57A2-014C-4D47-A6A2-B5018ED286CB,7ca5f9e0-9435-42d9-afe6-f388bd6c7b3a","9494d996-bdf3-4cf9-9784-c40964ace3fb":"EFE021E2-30FE-4500-9BF6-52611F1AAA4A,90ED8666-0961-426D-B582-E08C43EEE9E1,99A7F6EB-69BD-4167-B647-B10D3E12A3F3,D3A31A0C-C842-4709-82DD-A33B0253A462,ED6830FD-DFD5-4B48-A155-76C8D7D6FEA4,FA51A36A-69DD-4838-AD03-EFA8F038F23F,4674735D-B762-4876-8DE1-31AD7CD023F4,9F128382-9A3E-42FB-89E7-D12E5D581584,B97248C7-F53A-4289-BF06-A05E8009199B,A04A57A2-014C-4D47-A6A2-B5018ED286CB,85C51241-19D1-4BD0-A35B-DB570ACD0E85,F60C1C50-EBDC-430A-BE3A-30C4AB23C3FD,D2B8534F-D435-4E39-AC9D-4294AFC492DB,AE0D0298-FE28-405F-82AB-00E310FFE9C2,4FC96135-26B5-46D7-B809-747AD71F2A21,7ca5f9e0-9435-42d9-afe6-f388bd6c7b3a","2d5567ed-80d6-491c-b5e2-ef17babb3246":"","800f8620-2b7b-4ea9-8e17-7c8d2b90561b":"90ED8666-0961-426D-B582-E08C43EEE9E1,99A7F6EB-69BD-4167-B647-B10D3E12A3F3,3B4EBAB9-F2A5-43C8-8BCB-94B9A3AA5131,5C1A8DE4-F0EC-4795-AF48-6F0C97EB940E,A04A57A2-014C-4D47-A6A2-B5018ED286CB,7ca5f9e0-9435-42d9-afe6-f388bd6c7b3a","bb1516c7-834a-4ca4-a701-ed9e0f212c1d":"EFE021E2-30FE-4500-9BF6-52611F1AAA4A,90ED8666-0961-426D-B582-E08C43EEE9E1,99A7F6EB-69BD-4167-B647-B10D3E12A3F3,3B4EBAB9-F2A5-43C8-8BCB-94B9A3AA5131,5C1A8DE4-F0EC-4795-AF48-6F0C97EB940E,A04A57A2-014C-4D47-A6A2-B5018ED286CB,609287B6-4B59-4E59-A822-B8C1087BB603,D2B8534F-D435-4E39-AC9D-4294AFC492DB,AE0D0298-FE28-405F-82AB-00E310FFE9C2,4FC96135-26B5-46D7-B809-747AD71F2A21,7ca5f9e0-9435-42d9-afe6-f388bd6c7b3a","f45615da-a915-47d2-a623-4c956c785a95":"90ED8666-0961-426D-B582-E08C43EEE9E1,99A7F6EB-69BD-4167-B647-B10D3E12A3F3,3B4EBAB9-F2A5-43C8-8BCB-94B9A3AA5131,5C1A8DE4-F0EC-4795-AF48-6F0C97EB940E,A04A57A2-014C-4D47-A6A2-B5018ED286CB,7ca5f9e0-9435-42d9-afe6-f388bd6c7b3a","947935c5-5768-4df8-9391-5d28dfde1b30":""}</SrButtons>
    <SrCreateTime>2018-05-20T10:23:19+08:00</SrCreateTime>
  </SysRole>
  <SysRole>
    <SrId>E663CE67-E9CA-4441-AB77-DC267C22C683</SrId>
    <SrName>管理员</SrName>
    <SrStatus>1</SrStatus>
    <SrGroup>1</SrGroup>
    <SrMenus>F8C1C161-F1FC-4729-A00C-4A9893BF8209,2AE7FAF0-B627-4012-8A94-C5337579C8F5,A40C1D01-C682-483F-AF87-CD843AA457C7,688BE98C-3D78-4B4D-A160-91476407599F,DF9CFA05-847A-43B6-8119-E8FC7AE04734,89EB0D3E-5BAA-494E-AD49-7FE247405CDA,748d9667-bd7a-4745-be34-1057160ef444,a9ae039c-2155-4ca8-b23a-5d793a71210e,B27D2434-DC15-4EFA-A586-E11DF23D5344,2d5567ed-80d6-491c-b5e2-ef17babb3246,9494d996-bdf3-4cf9-9784-c40964ace3fb,800f8620-2b7b-4ea9-8e17-7c8d2b90561b,f45615da-a915-47d2-a623-4c956c785a95,1DAB94C9-EF51-4BA2-A604-7DC7B78D56BC,56ad6bac-d773-4460-b88f-164c08df4808,a5fc0578-72c4-4be1-9ad8-71ef0cc9f746,601C6500-808A-426B-9658-6BA830396AE3,8120ACDF-0642-4EA0-8BEC-83306D744319,60C478C8-B4B7-471F-AE7F-62DF7A6C44D4,bb1516c7-834a-4ca4-a701-ed9e0f212c1d,6C9E2090-B115-4D3E-948B-E5829A1886CF,24ea107c-8693-4e0e-b3a2-3f4bc233aa75</SrMenus>
    <SrButtons>{"601C6500-808A-426B-9658-6BA830396AE3":"EFE021E2-30FE-4500-9BF6-52611F1AAA4A,90ED8666-0961-426D-B582-E08C43EEE9E1,99A7F6EB-69BD-4167-B647-B10D3E12A3F3,3B4EBAB9-F2A5-43C8-8BCB-94B9A3AA5131,5C1A8DE4-F0EC-4795-AF48-6F0C97EB940E,ACD7FC7F-DE75-4502-B619-CF6BDA16CB9A,a26aa1f9-1a8d-4a0f-a222-83c8470d86aa,A04A57A2-014C-4D47-A6A2-B5018ED286CB,609287B6-4B59-4E59-A822-B8C1087BB603,D2B8534F-D435-4E39-AC9D-4294AFC492DB,AE0D0298-FE28-405F-82AB-00E310FFE9C2,4FC96135-26B5-46D7-B809-747AD71F2A21,7ca5f9e0-9435-42d9-afe6-f388bd6c7b3a","60C478C8-B4B7-471F-AE7F-62DF7A6C44D4":"EFE021E2-30FE-4500-9BF6-52611F1AAA4A,5C1A8DE4-F0EC-4795-AF48-6F0C97EB940E,A04A57A2-014C-4D47-A6A2-B5018ED286CB,609287B6-4B59-4E59-A822-B8C1087BB603,D2B8534F-D435-4E39-AC9D-4294AFC492DB,AE0D0298-FE28-405F-82AB-00E310FFE9C2,4FC96135-26B5-46D7-B809-747AD71F2A21,7ca5f9e0-9435-42d9-afe6-f388bd6c7b3a","6C9E2090-B115-4D3E-948B-E5829A1886CF":"EFE021E2-30FE-4500-9BF6-52611F1AAA4A,90ED8666-0961-426D-B582-E08C43EEE9E1,99A7F6EB-69BD-4167-B647-B10D3E12A3F3,3B4EBAB9-F2A5-43C8-8BCB-94B9A3AA5131,5C1A8DE4-F0EC-4795-AF48-6F0C97EB940E,A04A57A2-014C-4D47-A6A2-B5018ED286CB,D2B8534F-D435-4E39-AC9D-4294AFC492DB,AE0D0298-FE28-405F-82AB-00E310FFE9C2,4FC96135-26B5-46D7-B809-747AD71F2A21,7ca5f9e0-9435-42d9-afe6-f388bd6c7b3a","8120ACDF-0642-4EA0-8BEC-83306D744319":"EFE021E2-30FE-4500-9BF6-52611F1AAA4A,90ED8666-0961-426D-B582-E08C43EEE9E1,99A7F6EB-69BD-4167-B647-B10D3E12A3F3,3B4EBAB9-F2A5-43C8-8BCB-94B9A3AA5131,5C1A8DE4-F0EC-4795-AF48-6F0C97EB940E,A04A57A2-014C-4D47-A6A2-B5018ED286CB,609287B6-4B59-4E59-A822-B8C1087BB603,D2B8534F-D435-4E39-AC9D-4294AFC492DB,AE0D0298-FE28-405F-82AB-00E310FFE9C2,4FC96135-26B5-46D7-B809-747AD71F2A21,7ca5f9e0-9435-42d9-afe6-f388bd6c7b3a","F8C1C161-F1FC-4729-A00C-4A9893BF8209":"","9C145834-8336-4E63-A34C-6DF8E5854C96":"","B27D2434-DC15-4EFA-A586-E11DF23D5344":"90ED8666-0961-426D-B582-E08C43EEE9E1,5C1A8DE4-F0EC-4795-AF48-6F0C97EB940E,D3A31A0C-C842-4709-82DD-A33B0253A462,A04A57A2-014C-4D47-A6A2-B5018ED286CB,7ca5f9e0-9435-42d9-afe6-f388bd6c7b3a","1CDBF142-7F5C-42E8-A426-370BF4542224":"A04A57A2-014C-4D47-A6A2-B5018ED286CB","A40C1D01-C682-483F-AF87-CD843AA457C7":"EFE021E2-30FE-4500-9BF6-52611F1AAA4A,90ED8666-0961-426D-B582-E08C43EEE9E1,99A7F6EB-69BD-4167-B647-B10D3E12A3F3,3B4EBAB9-F2A5-43C8-8BCB-94B9A3AA5131,5C1A8DE4-F0EC-4795-AF48-6F0C97EB940E,D3A31A0C-C842-4709-82DD-A33B0253A462,A04A57A2-014C-4D47-A6A2-B5018ED286CB,26008EAA-4ED7-46E0-8BBF-DCF1472397E0,58F7DA5E-37F8-4648-80F3-998E702A4D91,73CF6246-4429-4EF2-A0DA-F86F96B9BEBB,C42B2ECC-3A18-495B-9BC6-B315FEA5A951,807FF920-37AA-40F7-92BC-3FC894D4D7A3,9B2265A4-A01F-48E8-9373-A6A294FCC1B7,3636B071-CE52-4551-BA67-4F982D14CD7C,609287B6-4B59-4E59-A822-B8C1087BB603,85C51241-19D1-4BD0-A35B-DB570ACD0E85,F60C1C50-EBDC-430A-BE3A-30C4AB23C3FD,EAED8E4A-E6DA-4075-883F-8B5559B7A9AD,D2B8534F-D435-4E39-AC9D-4294AFC492DB,AE0D0298-FE28-405F-82AB-00E310FFE9C2,4FC96135-26B5-46D7-B809-747AD71F2A21,7ca5f9e0-9435-42d9-afe6-f388bd6c7b3a","DF9CFA05-847A-43B6-8119-E8FC7AE04734":"EFE021E2-30FE-4500-9BF6-52611F1AAA4A,A04A57A2-014C-4D47-A6A2-B5018ED286CB,26008EAA-4ED7-46E0-8BBF-DCF1472397E0,58F7DA5E-37F8-4648-80F3-998E702A4D91,73CF6246-4429-4EF2-A0DA-F86F96B9BEBB,C42B2ECC-3A18-495B-9BC6-B315FEA5A951,807FF920-37AA-40F7-92BC-3FC894D4D7A3,9B2265A4-A01F-48E8-9373-A6A294FCC1B7,7ca5f9e0-9435-42d9-afe6-f388bd6c7b3a","89EB0D3E-5BAA-494E-AD49-7FE247405CDA":"A04A57A2-014C-4D47-A6A2-B5018ED286CB,7ca5f9e0-9435-42d9-afe6-f388bd6c7b3a","F5415EAE-694F-4332-B259-E86BDC54AA09":"A04A57A2-014C-4D47-A6A2-B5018ED286CB","56ad6bac-d773-4460-b88f-164c08df4808":"90ED8666-0961-426D-B582-E08C43EEE9E1,99A7F6EB-69BD-4167-B647-B10D3E12A3F3,3B4EBAB9-F2A5-43C8-8BCB-94B9A3AA5131,5C1A8DE4-F0EC-4795-AF48-6F0C97EB940E,A04A57A2-014C-4D47-A6A2-B5018ED286CB,D2B8534F-D435-4E39-AC9D-4294AFC492DB,AE0D0298-FE28-405F-82AB-00E310FFE9C2,4FC96135-26B5-46D7-B809-747AD71F2A21,7ca5f9e0-9435-42d9-afe6-f388bd6c7b3a","a5fc0578-72c4-4be1-9ad8-71ef0cc9f746":"90ED8666-0961-426D-B582-E08C43EEE9E1,99A7F6EB-69BD-4167-B647-B10D3E12A3F3,3B4EBAB9-F2A5-43C8-8BCB-94B9A3AA5131,5C1A8DE4-F0EC-4795-AF48-6F0C97EB940E,A04A57A2-014C-4D47-A6A2-B5018ED286CB,D2B8534F-D435-4E39-AC9D-4294AFC492DB,AE0D0298-FE28-405F-82AB-00E310FFE9C2,4FC96135-26B5-46D7-B809-747AD71F2A21,7ca5f9e0-9435-42d9-afe6-f388bd6c7b3a","faa428d6-6d57-4fe2-84cf-48ab7beaa950":"EFE021E2-30FE-4500-9BF6-52611F1AAA4A,90ED8666-0961-426D-B582-E08C43EEE9E1,99A7F6EB-69BD-4167-B647-B10D3E12A3F3,3B4EBAB9-F2A5-43C8-8BCB-94B9A3AA5131,5C1A8DE4-F0EC-4795-AF48-6F0C97EB940E,A04A57A2-014C-4D47-A6A2-B5018ED286CB,AE0D0298-FE28-405F-82AB-00E310FFE9C2,4FC96135-26B5-46D7-B809-747AD71F2A21,D2B8534F-D435-4E39-AC9D-4294AFC492DB","748d9667-bd7a-4745-be34-1057160ef444":"A04A57A2-014C-4D47-A6A2-B5018ED286CB,7ca5f9e0-9435-42d9-afe6-f388bd6c7b3a","9494d996-bdf3-4cf9-9784-c40964ace3fb":"EFE021E2-30FE-4500-9BF6-52611F1AAA4A,90ED8666-0961-426D-B582-E08C43EEE9E1,99A7F6EB-69BD-4167-B647-B10D3E12A3F3,D3A31A0C-C842-4709-82DD-A33B0253A462,ED6830FD-DFD5-4B48-A155-76C8D7D6FEA4,FA51A36A-69DD-4838-AD03-EFA8F038F23F,4674735D-B762-4876-8DE1-31AD7CD023F4,9F128382-9A3E-42FB-89E7-D12E5D581584,B97248C7-F53A-4289-BF06-A05E8009199B,A04A57A2-014C-4D47-A6A2-B5018ED286CB,85C51241-19D1-4BD0-A35B-DB570ACD0E85,F60C1C50-EBDC-430A-BE3A-30C4AB23C3FD,D2B8534F-D435-4E39-AC9D-4294AFC492DB,AE0D0298-FE28-405F-82AB-00E310FFE9C2,4FC96135-26B5-46D7-B809-747AD71F2A21,7ca5f9e0-9435-42d9-afe6-f388bd6c7b3a","2d5567ed-80d6-491c-b5e2-ef17babb3246":"","800f8620-2b7b-4ea9-8e17-7c8d2b90561b":"90ED8666-0961-426D-B582-E08C43EEE9E1,99A7F6EB-69BD-4167-B647-B10D3E12A3F3,3B4EBAB9-F2A5-43C8-8BCB-94B9A3AA5131,5C1A8DE4-F0EC-4795-AF48-6F0C97EB940E,A04A57A2-014C-4D47-A6A2-B5018ED286CB,7ca5f9e0-9435-42d9-afe6-f388bd6c7b3a","bb1516c7-834a-4ca4-a701-ed9e0f212c1d":"EFE021E2-30FE-4500-9BF6-52611F1AAA4A,90ED8666-0961-426D-B582-E08C43EEE9E1,99A7F6EB-69BD-4167-B647-B10D3E12A3F3,3B4EBAB9-F2A5-43C8-8BCB-94B9A3AA5131,5C1A8DE4-F0EC-4795-AF48-6F0C97EB940E,A04A57A2-014C-4D47-A6A2-B5018ED286CB,609287B6-4B59-4E59-A822-B8C1087BB603,D2B8534F-D435-4E39-AC9D-4294AFC492DB,AE0D0298-FE28-405F-82AB-00E310FFE9C2,4FC96135-26B5-46D7-B809-747AD71F2A21,7ca5f9e0-9435-42d9-afe6-f388bd6c7b3a","f45615da-a915-47d2-a623-4c956c785a95":"90ED8666-0961-426D-B582-E08C43EEE9E1,99A7F6EB-69BD-4167-B647-B10D3E12A3F3,3B4EBAB9-F2A5-43C8-8BCB-94B9A3AA5131,5C1A8DE4-F0EC-4795-AF48-6F0C97EB940E,A04A57A2-014C-4D47-A6A2-B5018ED286CB,7ca5f9e0-9435-42d9-afe6-f388bd6c7b3a","947935c5-5768-4df8-9391-5d28dfde1b30":""}</SrButtons>
    <SrCreateTime>2018-05-20T07:34:18+08:00</SrCreateTime>
  </SysRole>
</NewDataSet>