<NewDataSet xmlns="dbo">
  <xs:schema id="NewDataSet" targetNamespace="dbo" xmlns:mstns="dbo" xmlns="dbo" xmlns:xs="http://www.w3.org/2001/XMLSchema" xmlns:msdata="urn:schemas-microsoft-com:xml-msdata" attributeFormDefault="qualified" elementFormDefault="qualified">
    <xs:element name="NewDataSet" msdata:IsDataSet="true" msdata:MainDataTable="dbo_x003A_SysLog" msdata:UseCurrentLocale="true">
      <xs:complexType>
        <xs:choice minOccurs="0" maxOccurs="unbounded">
          <xs:element name="SysLog" msdata:MinimumCapacity="10000">
            <xs:complexType>
              <xs:sequence>
                <xs:element name="LogId">
                  <xs:simpleType>
                    <xs:restriction base="xs:string">
                      <xs:maxLength value="50" />
                    </xs:restriction>
                  </xs:simpleType>
                </xs:element>
                <xs:element name="SuName" minOccurs="0">
                  <xs:simpleType>
                    <xs:restriction base="xs:string">
                      <xs:maxLength value="50" />
                    </xs:restriction>
                  </xs:simpleType>
                </xs:element>
                <xs:element name="SuNickname" minOccurs="0">
                  <xs:simpleType>
                    <xs:restriction base="xs:string">
                      <xs:maxLength value="50" />
                    </xs:restriction>
                  </xs:simpleType>
                </xs:element>
                <xs:element name="LogAction" minOccurs="0">
                  <xs:simpleType>
                    <xs:restriction base="xs:string">
                      <xs:maxLength value="50" />
                    </xs:restriction>
                  </xs:simpleType>
                </xs:element>
                <xs:element name="LogContent" minOccurs="0">
                  <xs:simpleType>
                    <xs:restriction base="xs:string">
                      <xs:maxLength value="4000" />
                    </xs:restriction>
                  </xs:simpleType>
                </xs:element>
                <xs:element name="LogUrl" minOccurs="0">
                  <xs:simpleType>
                    <xs:restriction base="xs:string">
                      <xs:maxLength value="500" />
                    </xs:restriction>
                  </xs:simpleType>
                </xs:element>
                <xs:element name="LogIp" minOccurs="0">
                  <xs:simpleType>
                    <xs:restriction base="xs:string">
                      <xs:maxLength value="50" />
                    </xs:restriction>
                  </xs:simpleType>
                </xs:element>
                <xs:element name="LogUserAgent" minOccurs="0">
                  <xs:simpleType>
                    <xs:restriction base="xs:string">
                      <xs:maxLength value="500" />
                    </xs:restriction>
                  </xs:simpleType>
                </xs:element>
                <xs:element name="LogBrowserName" minOccurs="0">
                  <xs:simpleType>
                    <xs:restriction base="xs:string">
                      <xs:maxLength value="50" />
                    </xs:restriction>
                  </xs:simpleType>
                </xs:element>
                <xs:element name="LogSystemName" minOccurs="0">
                  <xs:simpleType>
                    <xs:restriction base="xs:string">
                      <xs:maxLength value="50" />
                    </xs:restriction>
                  </xs:simpleType>
                </xs:element>
                <xs:element name="LogGroup" type="xs:int" minOccurs="0" />
                <xs:element name="LogLevel" minOccurs="0">
                  <xs:simpleType>
                    <xs:restriction base="xs:string">
                      <xs:maxLength value="10" />
                    </xs:restriction>
                  </xs:simpleType>
                </xs:element>
                <xs:element name="LogCreateTime" type="xs:dateTime" minOccurs="0" />
                <xs:element name="LogRemark" minOccurs="0">
                  <xs:simpleType>
                    <xs:restriction base="xs:string">
                      <xs:maxLength value="200" />
                    </xs:restriction>
                  </xs:simpleType>
                </xs:element>
              </xs:sequence>
            </xs:complexType>
          </xs:element>
        </xs:choice>
      </xs:complexType>
    </xs:element>
  </xs:schema>
  <SysLog>
    <LogId>4791236174171035540</LogId>
    <SuName>admin</SuName>
    <SuNickname>管理员</SuNickname>
    <LogAction>/setting/querysyslog</LogAction>
    <LogContent>查询系统日志
DECLARE @__p_0 int = 0;
DECLARE @__p_1 int = 30;

SELECT [s].[LogId], [s].[LogAction], [s].[LogBrowserName], [s].[LogContent], [s].[LogCreateTime], [s].[LogGroup], [s].[LogIp], [s].[LogLevel], [s].[LogRemark], [s].[LogSystemName], [s].[LogUrl], [s].[LogUserAgent], [s].[SuName], [s].[SuNickname]
FROM [SysLog] AS [s]
ORDER BY [s].[LogCreateTime] DESC
OFFSET @__p_0 ROWS FETCH NEXT @__p_1 ROWS ONLY</LogContent>
    <LogUrl>/Setting/QuerySysLog?tableName=SysLog</LogUrl>
    <LogIp>::1</LogIp>
    <LogUserAgent>Mozilla/5.0 (Windows NT 10.0; Win64; x64) AppleWebKit/537.36 (KHTML, like Gecko) Chrome/106.0.0.0 Safari/537.36 Edg/106.0.1370.47</LogUserAgent>
    <LogBrowserName>Microsoft Edge 106.0.1370.47</LogBrowserName>
    <LogSystemName>Windows 10</LogSystemName>
    <LogGroup>1</LogGroup>
    <LogLevel>I</LogLevel>
    <LogCreateTime>2022-10-18T15:16:59.457+08:00</LogCreateTime>
    <LogRemark>请求耗时：242毫秒</LogRemark>
  </SysLog>
  <SysLog>
    <LogId>4875545967680445934</LogId>
    <SuName>admin</SuName>
    <SuNickname>管理员</SuNickname>
    <LogAction>/home/swaggercustomstyle</LogAction>
    <LogContent>Swagger自定义样式</LogContent>
    <LogUrl>/Home/SwaggerCustomStyle</LogUrl>
    <LogIp>::1</LogIp>
    <LogUserAgent>Mozilla/5.0 (Windows NT 10.0; Win64; x64) AppleWebKit/537.36 (KHTML, like Gecko) Chrome/106.0.0.0 Safari/537.36 Edg/106.0.1370.47</LogUserAgent>
    <LogBrowserName>Microsoft Edge 106.0.1370.47</LogBrowserName>
    <LogSystemName>Windows 10</LogSystemName>
    <LogGroup>1</LogGroup>
    <LogLevel>I</LogLevel>
    <LogCreateTime>2022-10-18T15:17:18.793+08:00</LogCreateTime>
    <LogRemark>请求耗时：5毫秒</LogRemark>
  </SysLog>
  <SysLog>
    <LogId>4695531586409940505</LogId>
    <SuName>admin</SuName>
    <SuNickname>管理员</SuNickname>
    <LogAction>/services/databaseexport</LogAction>
    <LogContent>数据库导出（开发环境）</LogContent>
    <LogUrl>/Services/DatabaseExport?zipName=db%2Fbackup.zip</LogUrl>
    <LogIp>::1</LogIp>
    <LogUserAgent>Mozilla/5.0 (Windows NT 10.0; Win64; x64) AppleWebKit/537.36 (KHTML, like Gecko) Chrome/106.0.0.0 Safari/537.36 Edg/106.0.1370.47</LogUserAgent>
    <LogBrowserName>Microsoft Edge 106.0.1370.47</LogBrowserName>
    <LogSystemName>Windows 10</LogSystemName>
    <LogGroup>1</LogGroup>
    <LogLevel>I</LogLevel>
    <LogCreateTime>2022-10-18T15:17:52.627+08:00</LogCreateTime>
    <LogRemark>请求耗时：10331毫秒</LogRemark>
  </SysLog>
  <SysLog>
    <LogId>5706542396488489658</LogId>
    <SuName>admin</SuName>
    <SuNickname>管理员</SuNickname>
    <LogAction>/services/databaseexport</LogAction>
    <LogContent>数据库导出（开发环境）</LogContent>
    <LogUrl>/Services/DatabaseExport?zipName=db%2Fbackup.zip</LogUrl>
    <LogIp>::1</LogIp>
    <LogUserAgent>Mozilla/5.0 (Windows NT 10.0; Win64; x64) AppleWebKit/537.36 (KHTML, like Gecko) Chrome/106.0.0.0 Safari/537.36 Edg/106.0.1370.47</LogUserAgent>
    <LogBrowserName>Microsoft Edge 106.0.1370.47</LogBrowserName>
    <LogSystemName>Windows 10</LogSystemName>
    <LogGroup>1</LogGroup>
    <LogLevel>I</LogLevel>
    <LogCreateTime>2022-10-18T15:19:40.07+08:00</LogCreateTime>
    <LogRemark>请求耗时：917毫秒</LogRemark>
  </SysLog>
</NewDataSet>