<NewDataSet xmlns="dbo">
  <xs:schema id="NewDataSet" targetNamespace="dbo" xmlns:mstns="dbo" xmlns="dbo" xmlns:xs="http://www.w3.org/2001/XMLSchema" xmlns:msdata="urn:schemas-microsoft-com:xml-msdata" attributeFormDefault="qualified" elementFormDefault="qualified">
    <xs:element name="NewDataSet" msdata:IsDataSet="true" msdata:MainDataTable="dbo_x003A_SysUser" msdata:UseCurrentLocale="true">
      <xs:complexType>
        <xs:choice minOccurs="0" maxOccurs="unbounded">
          <xs:element name="SysUser">
            <xs:complexType>
              <xs:sequence>
                <xs:element name="SuId">
                  <xs:simpleType>
                    <xs:restriction base="xs:string">
                      <xs:maxLength value="50" />
                    </xs:restriction>
                  </xs:simpleType>
                </xs:element>
                <xs:element name="SrId" minOccurs="0">
                  <xs:simpleType>
                    <xs:restriction base="xs:string">
                      <xs:maxLength value="50" />
                    </xs:restriction>
                  </xs:simpleType>
                </xs:element>
                <xs:element name="SuName" minOccurs="0">
                  <xs:simpleType>
                    <xs:restriction base="xs:string">
                      <xs:maxLength value="50" />
                    </xs:restriction>
                  </xs:simpleType>
                </xs:element>
                <xs:element name="SuPwd" minOccurs="0">
                  <xs:simpleType>
                    <xs:restriction base="xs:string">
                      <xs:maxLength value="50" />
                    </xs:restriction>
                  </xs:simpleType>
                </xs:element>
                <xs:element name="SuNickname" minOccurs="0">
                  <xs:simpleType>
                    <xs:restriction base="xs:string">
                      <xs:maxLength value="50" />
                    </xs:restriction>
                  </xs:simpleType>
                </xs:element>
                <xs:element name="SuCreateTime" type="xs:dateTime" minOccurs="0" />
                <xs:element name="SuStatus" type="xs:int" minOccurs="0" />
                <xs:element name="SuSign" minOccurs="0">
                  <xs:simpleType>
                    <xs:restriction base="xs:string">
                      <xs:maxLength value="50" />
                    </xs:restriction>
                  </xs:simpleType>
                </xs:element>
                <xs:element name="SuGroup" type="xs:int" minOccurs="0" />
              </xs:sequence>
            </xs:complexType>
          </xs:element>
        </xs:choice>
      </xs:complexType>
    </xs:element>
  </xs:schema>
  <SysUser>
    <SuId>0ad60901-33d9-4bda-99c3-e720dd0685d7</SuId>
    <SrId>58307c67-76b8-4156-bde3-f307f4da25e9</SrId>
    <SuName>test</SuName>
    <SuPwd>098f6bcd4621d373cade4e832627b4f6</SuPwd>
    <SuNickname>test</SuNickname>
    <SuCreateTime>2018-04-21T19:49:51+08:00</SuCreateTime>
    <SuStatus>1</SuStatus>
  </SysUser>
  <SysUser>
    <SuId>F9A19BAB-49C3-4131-AEFC-FB80FAAE579A</SuId>
    <SrId>E663CE67-E9CA-4441-AB77-DC267C22C683</SrId>
    <SuName>admin</SuName>
    <SuPwd>21232f297a57a5a743894a0e4a801fc3</SuPwd>
    <SuNickname>管理员</SuNickname>
    <SuCreateTime>2018-02-14T09:33:00+08:00</SuCreateTime>
    <SuStatus>1</SuStatus>
    <SuGroup>1</SuGroup>
  </SysUser>
</NewDataSet>