<NewDataSet>
  <xs:schema id="NewDataSet" xmlns="" xmlns:xs="http://www.w3.org/2001/XMLSchema" xmlns:msdata="urn:schemas-microsoft-com:xml-msdata">
    <xs:element name="NewDataSet" msdata:IsDataSet="true" msdata:MainDataTable="SysButton" msdata:UseCurrentLocale="true">
      <xs:complexType>
        <xs:choice minOccurs="0" maxOccurs="unbounded">
          <xs:element name="SysButton" msdata:MinimumCapacity="10000">
            <xs:complexType>
              <xs:sequence>
                <xs:element name="SbId" type="xs:string" />
                <xs:element name="SbPid" type="xs:string" minOccurs="0" />
                <xs:element name="SbBtnText" type="xs:string" minOccurs="0" />
                <xs:element name="SbBtnId" type="xs:string" minOccurs="0" />
                <xs:element name="SbBtnClass" type="xs:string" minOccurs="0" />
                <xs:element name="SbBtnIcon" type="xs:string" minOccurs="0" />
                <xs:element name="SbBtnOrder" type="xs:long" minOccurs="0" />
                <xs:element name="SbStatus" type="xs:long" minOccurs="0" />
                <xs:element name="SbDescribe" type="xs:string" minOccurs="0" />
                <xs:element name="SbBtnGroup" type="xs:long" minOccurs="0" />
                <xs:element name="SbBtnHide" type="xs:long" minOccurs="0" />
              </xs:sequence>
            </xs:complexType>
          </xs:element>
        </xs:choice>
      </xs:complexType>
      <xs:unique name="Constraint1">
        <xs:selector xpath=".//SysButton" />
        <xs:field xpath="SbId" />
      </xs:unique>
    </xs:element>
  </xs:schema>
  <SysButton>
    <SbId>26008EAA-4ED7-46E0-8BBF-DCF1472397E0</SbId>
    <SbPid>00000000-0000-0000-0000-000000000000</SbPid>
    <SbBtnText>批处理</SbBtnText>
    <SbBtnId>m_Batch</SbBtnId>
    <SbBtnClass>btn btn-sm btn-danger</SbBtnClass>
    <SbBtnIcon>fa fa-paint-brush</SbBtnIcon>
    <SbBtnOrder>40</SbBtnOrder>
    <SbStatus>1</SbStatus>
    <SbBtnGroup>1</SbBtnGroup>
  </SysButton>
  <SysButton>
    <SbId>3636B071-CE52-4551-BA67-4F982D14CD7C</SbId>
    <SbPid>00000000-0000-0000-0000-000000000000</SbPid>
    <SbBtnText>导入</SbBtnText>
    <SbBtnId>m_Import</SbBtnId>
    <SbBtnClass>btn btn-primary</SbBtnClass>
    <SbBtnIcon>fa fa-level-up</SbBtnIcon>
    <SbBtnOrder>74</SbBtnOrder>
    <SbStatus>1</SbStatus>
    <SbBtnGroup>1</SbBtnGroup>
    <SbBtnHide>-1</SbBtnHide>
  </SysButton>
  <SysButton>
    <SbId>3B4EBAB9-F2A5-43C8-8BCB-94B9A3AA5131</SbId>
    <SbPid>00000000-0000-0000-0000-000000000000</SbPid>
    <SbBtnText>删除</SbBtnText>
    <SbBtnId>m_Del</SbBtnId>
    <SbBtnClass>btn btn-sm  btn-danger</SbBtnClass>
    <SbBtnIcon>fa fa-remove</SbBtnIcon>
    <SbBtnOrder>4</SbBtnOrder>
    <SbStatus>1</SbStatus>
    <SbBtnGroup>1</SbBtnGroup>
  </SysButton>
  <SysButton>
    <SbId>3C6F626F-8D8E-46EE-B02A-0C90CFA90E02</SbId>
    <SbPid>00000000-0000-0000-0000-000000000000</SbPid>
    <SbBtnText>启用</SbBtnText>
    <SbBtnId>m_Start</SbBtnId>
    <SbBtnClass>btn btn-sm  btn-success</SbBtnClass>
    <SbBtnIcon>fa fa-play</SbBtnIcon>
    <SbBtnOrder>9</SbBtnOrder>
    <SbStatus>1</SbStatus>
    <SbDescribe />
    <SbBtnGroup>1</SbBtnGroup>
  </SysButton>
  <SysButton>
    <SbId>4674735D-B762-4876-8DE1-31AD7CD023F4</SbId>
    <SbPid>00000000-0000-0000-0000-000000000000</SbPid>
    <SbBtnText>作废</SbBtnText>
    <SbBtnId>m_Void</SbBtnId>
    <SbBtnClass>btn btn-sm  btn-default</SbBtnClass>
    <SbBtnIcon>fa fa-trash</SbBtnIcon>
    <SbBtnOrder>12</SbBtnOrder>
    <SbStatus>1</SbStatus>
    <SbDescribe />
    <SbBtnGroup>1</SbBtnGroup>
  </SysButton>
  <SysButton>
    <SbId>4FC96135-26B5-46D7-B809-747AD71F2A21</SbId>
    <SbPid>D2B8534F-D435-4E39-AC9D-4294AFC492DB</SbPid>
    <SbBtnText>表单配置</SbBtnText>
    <SbBtnId>list_Config_Form</SbBtnId>
    <SbBtnClass />
    <SbBtnIcon>fa fa-table orange</SbBtnIcon>
    <SbBtnOrder>92</SbBtnOrder>
    <SbStatus>1</SbStatus>
    <SbDescribe />
    <SbBtnGroup>4</SbBtnGroup>
  </SysButton>
  <SysButton>
    <SbId>58F7DA5E-37F8-4648-80F3-998E702A4D91</SbId>
    <SbPid>00000000-0000-0000-0000-000000000000</SbPid>
    <SbBtnText>批量启用</SbBtnText>
    <SbBtnId>m_Batch_Start</SbBtnId>
    <SbBtnClass>btn btn-success</SbBtnClass>
    <SbBtnIcon>fa fa-play</SbBtnIcon>
    <SbBtnOrder>41</SbBtnOrder>
    <SbStatus>1</SbStatus>
    <SbDescribe>批处理功能按钮，以 m_Batch_ 开头</SbDescribe>
    <SbBtnGroup>1</SbBtnGroup>
    <SbBtnHide>1</SbBtnHide>
  </SysButton>
  <SysButton>
    <SbId>5C1A8DE4-F0EC-4795-AF48-6F0C97EB940E</SbId>
    <SbPid>00000000-0000-0000-0000-000000000000</SbPid>
    <SbBtnText>查看</SbBtnText>
    <SbBtnId>m_See</SbBtnId>
    <SbBtnClass>btn btn-sm  btn-primary</SbBtnClass>
    <SbBtnIcon>fa fa-credit-card</SbBtnIcon>
    <SbBtnOrder>5</SbBtnOrder>
    <SbStatus>1</SbStatus>
    <SbBtnGroup>1</SbBtnGroup>
  </SysButton>
  <SysButton>
    <SbId>609287B6-4B59-4E59-A822-B8C1087BB603</SbId>
    <SbPid>00000000-0000-0000-0000-000000000000</SbPid>
    <SbBtnText>导出</SbBtnText>
    <SbBtnId>m_Export</SbBtnId>
    <SbBtnClass>btn btn-success</SbBtnClass>
    <SbBtnIcon>fa fa-level-down</SbBtnIcon>
    <SbBtnOrder>75</SbBtnOrder>
    <SbStatus>1</SbStatus>
    <SbBtnGroup>1</SbBtnGroup>
    <SbBtnHide>-1</SbBtnHide>
  </SysButton>
  <SysButton>
    <SbId>73CF6246-4429-4EF2-A0DA-F86F96B9BEBB</SbId>
    <SbPid>00000000-0000-0000-0000-000000000000</SbPid>
    <SbBtnText>批量停用</SbBtnText>
    <SbBtnId>m_Batch_Stop</SbBtnId>
    <SbBtnClass>btn btn-danger</SbBtnClass>
    <SbBtnIcon>fa fa-stop</SbBtnIcon>
    <SbBtnOrder>42</SbBtnOrder>
    <SbStatus>1</SbStatus>
    <SbBtnGroup>1</SbBtnGroup>
    <SbBtnHide>1</SbBtnHide>
  </SysButton>
  <SysButton>
    <SbId>7ca5f9e0-9435-42d9-afe6-f388bd6c7b3a</SbId>
    <SbPid>00000000-0000-0000-0000-000000000000</SbPid>
    <SbBtnText>全屏</SbBtnText>
    <SbBtnId>m_Full_Screen</SbBtnId>
    <SbBtnClass>btn btn-default pull-right</SbBtnClass>
    <SbBtnIcon>fa fa-arrows-alt</SbBtnIcon>
    <SbBtnOrder>0</SbBtnOrder>
    <SbStatus>1</SbStatus>
    <SbDescribe>居右时，排序最前面展示效果更佳</SbDescribe>
    <SbBtnGroup>1</SbBtnGroup>
    <SbBtnHide>-1</SbBtnHide>
  </SysButton>
  <SysButton>
    <SbId>807FF920-37AA-40F7-92BC-3FC894D4D7A3</SbId>
    <SbPid>00000000-0000-0000-0000-000000000000</SbPid>
    <SbBtnText>批量删除</SbBtnText>
    <SbBtnId>m_Batch_Del</SbBtnId>
    <SbBtnClass>btn btn-danger</SbBtnClass>
    <SbBtnIcon>fa fa-remove</SbBtnIcon>
    <SbBtnOrder>45</SbBtnOrder>
    <SbStatus>1</SbStatus>
    <SbBtnGroup>1</SbBtnGroup>
    <SbBtnHide>1</SbBtnHide>
  </SysButton>
  <SysButton>
    <SbId>85C51241-19D1-4BD0-A35B-DB570ACD0E85</SbId>
    <SbPid>00000000-0000-0000-0000-000000000000</SbPid>
    <SbBtnText>打印</SbBtnText>
    <SbBtnId>m_Print</SbBtnId>
    <SbBtnClass>btn btn-danger</SbBtnClass>
    <SbBtnIcon>fa fa-print</SbBtnIcon>
    <SbBtnOrder>76</SbBtnOrder>
    <SbStatus>1</SbStatus>
    <SbBtnGroup>3</SbBtnGroup>
  </SysButton>
  <SysButton>
    <SbId>90ED8666-0961-426D-B582-E08C43EEE9E1</SbId>
    <SbPid>00000000-0000-0000-0000-000000000000</SbPid>
    <SbBtnText>增加</SbBtnText>
    <SbBtnId>m_Add</SbBtnId>
    <SbBtnClass>btn btn-sm btn-primary</SbBtnClass>
    <SbBtnIcon>fa fa-plus</SbBtnIcon>
    <SbBtnOrder>2</SbBtnOrder>
    <SbStatus>1</SbStatus>
    <SbBtnGroup>1</SbBtnGroup>
  </SysButton>
  <SysButton>
    <SbId>936D642A-CD7B-4A0E-837F-B4630A1BE894</SbId>
    <SbPid>00000000-0000-0000-0000-000000000000</SbPid>
    <SbBtnText>参数设置</SbBtnText>
    <SbBtnId>m_ParaSet</SbBtnId>
    <SbBtnClass>btn btn-sm  btn-success</SbBtnClass>
    <SbBtnIcon>fa fa-gear</SbBtnIcon>
    <SbBtnOrder>15</SbBtnOrder>
    <SbStatus>1</SbStatus>
    <SbDescribe />
    <SbBtnGroup>1</SbBtnGroup>
  </SysButton>
  <SysButton>
    <SbId>99A7F6EB-69BD-4167-B647-B10D3E12A3F3</SbId>
    <SbPid>00000000-0000-0000-0000-000000000000</SbPid>
    <SbBtnText>修改</SbBtnText>
    <SbBtnId>m_Edit</SbBtnId>
    <SbBtnClass>btn btn-sm btn-warning</SbBtnClass>
    <SbBtnIcon>fa fa-edit</SbBtnIcon>
    <SbBtnOrder>3</SbBtnOrder>
    <SbStatus>1</SbStatus>
    <SbBtnGroup>1</SbBtnGroup>
  </SysButton>
  <SysButton>
    <SbId>9B2265A4-A01F-48E8-9373-A6A294FCC1B7</SbId>
    <SbPid>00000000-0000-0000-0000-000000000000</SbPid>
    <SbBtnText>关闭批处理</SbBtnText>
    <SbBtnId>m_Batch_Close</SbBtnId>
    <SbBtnClass>btn btn-info</SbBtnClass>
    <SbBtnIcon>fa fa-mail-reply</SbBtnIcon>
    <SbBtnOrder>47</SbBtnOrder>
    <SbStatus>1</SbStatus>
    <SbBtnGroup>1</SbBtnGroup>
    <SbBtnHide>1</SbBtnHide>
  </SysButton>
  <SysButton>
    <SbId>9BD9FE69-430B-4754-BF00-1DE1D117C384</SbId>
    <SbPid>00000000-0000-0000-0000-000000000000</SbPid>
    <SbBtnText>停用</SbBtnText>
    <SbBtnId>m_Stop</SbBtnId>
    <SbBtnClass>btn btn-sm  btn-warning</SbBtnClass>
    <SbBtnIcon>fa fa-stop</SbBtnIcon>
    <SbBtnOrder>10</SbBtnOrder>
    <SbStatus>1</SbStatus>
    <SbDescribe />
    <SbBtnGroup>1</SbBtnGroup>
  </SysButton>
  <SysButton>
    <SbId>9F128382-9A3E-42FB-89E7-D12E5D581584</SbId>
    <SbPid>00000000-0000-0000-0000-000000000000</SbPid>
    <SbBtnText>弃废</SbBtnText>
    <SbBtnId>m_UnVoid</SbBtnId>
    <SbBtnClass>btn btn-sm  btn-danger</SbBtnClass>
    <SbBtnIcon>fa fa-reply</SbBtnIcon>
    <SbBtnOrder>13</SbBtnOrder>
    <SbStatus>1</SbStatus>
    <SbDescribe />
    <SbBtnGroup>1</SbBtnGroup>
  </SysButton>
  <SysButton>
    <SbId>A04A57A2-014C-4D47-A6A2-B5018ED286CB</SbId>
    <SbPid>00000000-0000-0000-0000-000000000000</SbPid>
    <SbBtnText>刷新</SbBtnText>
    <SbBtnId>m_Reload</SbBtnId>
    <SbBtnClass>btn btn-sm  btn-info</SbBtnClass>
    <SbBtnIcon>fa fa-refresh</SbBtnIcon>
    <SbBtnOrder>39</SbBtnOrder>
    <SbStatus>1</SbStatus>
    <SbDescribe />
    <SbBtnGroup>1</SbBtnGroup>
  </SysButton>
  <SysButton>
    <SbId>a26aa1f9-1a8d-4a0f-a222-83c8470d86aa</SbId>
    <SbPid>00000000-0000-0000-0000-000000000000</SbPid>
    <SbBtnText>复制权限</SbBtnText>
    <SbBtnId>m_CAuth</SbBtnId>
    <SbBtnClass>btn btn-sm btn-warning</SbBtnClass>
    <SbBtnIcon>fa fa-copy</SbBtnIcon>
    <SbBtnOrder>16</SbBtnOrder>
    <SbStatus>1</SbStatus>
    <SbBtnGroup>1</SbBtnGroup>
  </SysButton>
  <SysButton>
    <SbId>ACD7FC7F-DE75-4502-B619-CF6BDA16CB9A</SbId>
    <SbPid>00000000-0000-0000-0000-000000000000</SbPid>
    <SbBtnText>权限控制</SbBtnText>
    <SbBtnId>m_Auth</SbBtnId>
    <SbBtnClass>btn btn-sm  btn-success</SbBtnClass>
    <SbBtnIcon>fa fa-gear</SbBtnIcon>
    <SbBtnOrder>14</SbBtnOrder>
    <SbStatus>1</SbStatus>
    <SbBtnGroup>1</SbBtnGroup>
  </SysButton>
  <SysButton>
    <SbId>AE0D0298-FE28-405F-82AB-00E310FFE9C2</SbId>
    <SbPid>D2B8534F-D435-4E39-AC9D-4294AFC492DB</SbPid>
    <SbBtnText>表格配置</SbBtnText>
    <SbBtnId>list_Config_Table</SbBtnId>
    <SbBtnClass />
    <SbBtnIcon>fa fa-table orange</SbBtnIcon>
    <SbBtnOrder>91</SbBtnOrder>
    <SbStatus>1</SbStatus>
    <SbDescribe />
    <SbBtnGroup>4</SbBtnGroup>
  </SysButton>
  <SysButton>
    <SbId>B97248C7-F53A-4289-BF06-A05E8009199B</SbId>
    <SbPid>00000000-0000-0000-0000-000000000000</SbPid>
    <SbBtnText>切换</SbBtnText>
    <SbBtnId>m_Switch</SbBtnId>
    <SbBtnClass>btn btn-sm  btn-primary</SbBtnClass>
    <SbBtnIcon>fa fa-exchange</SbBtnIcon>
    <SbBtnOrder>20</SbBtnOrder>
    <SbStatus>1</SbStatus>
    <SbDescribe />
    <SbBtnGroup>1</SbBtnGroup>
  </SysButton>
  <SysButton>
    <SbId>C42B2ECC-3A18-495B-9BC6-B315FEA5A951</SbId>
    <SbPid>00000000-0000-0000-0000-000000000000</SbPid>
    <SbBtnText>批量修改</SbBtnText>
    <SbBtnId>m_Batch_Edit</SbBtnId>
    <SbBtnClass>btn btn-warning</SbBtnClass>
    <SbBtnIcon>fa fa-edit</SbBtnIcon>
    <SbBtnOrder>44</SbBtnOrder>
    <SbStatus>1</SbStatus>
    <SbBtnGroup>1</SbBtnGroup>
    <SbBtnHide>1</SbBtnHide>
  </SysButton>
  <SysButton>
    <SbId>D2B8534F-D435-4E39-AC9D-4294AFC492DB</SbId>
    <SbPid>00000000-0000-0000-0000-000000000000</SbPid>
    <SbBtnText>更多</SbBtnText>
    <SbBtnId>list_More</SbBtnId>
    <SbBtnClass>btn btn-sm  btn-primary</SbBtnClass>
    <SbBtnIcon>fa fa-ellipsis-h</SbBtnIcon>
    <SbBtnOrder>80</SbBtnOrder>
    <SbStatus>1</SbStatus>
    <SbDescribe />
    <SbBtnGroup>1</SbBtnGroup>
  </SysButton>
  <SysButton>
    <SbId>D3A31A0C-C842-4709-82DD-A33B0253A462</SbId>
    <SbPid>00000000-0000-0000-0000-000000000000</SbPid>
    <SbBtnText>保存</SbBtnText>
    <SbBtnId>m_Save</SbBtnId>
    <SbBtnClass>btn btn-sm  btn-success</SbBtnClass>
    <SbBtnIcon>fa fa-save</SbBtnIcon>
    <SbBtnOrder>6</SbBtnOrder>
    <SbStatus>1</SbStatus>
    <SbDescribe />
    <SbBtnGroup>1</SbBtnGroup>
  </SysButton>
  <SysButton>
    <SbId>EAED8E4A-E6DA-4075-883F-8B5559B7A9AD</SbId>
    <SbPid>00000000-0000-0000-0000-000000000000</SbPid>
    <SbBtnText>上传附件</SbBtnText>
    <SbBtnId>m_Upload</SbBtnId>
    <SbBtnClass>btn btn-primary</SbBtnClass>
    <SbBtnIcon>fa fa-cloud-upload</SbBtnIcon>
    <SbBtnOrder>78</SbBtnOrder>
    <SbStatus>1</SbStatus>
    <SbBtnGroup>5</SbBtnGroup>
  </SysButton>
  <SysButton>
    <SbId>ED6830FD-DFD5-4B48-A155-76C8D7D6FEA4</SbId>
    <SbPid>00000000-0000-0000-0000-000000000000</SbPid>
    <SbBtnText>取消</SbBtnText>
    <SbBtnId>m_Cancel</SbBtnId>
    <SbBtnClass>btn btn-sm  btn-danger</SbBtnClass>
    <SbBtnIcon>fa fa-reply</SbBtnIcon>
    <SbBtnOrder>7</SbBtnOrder>
    <SbStatus>1</SbStatus>
    <SbDescribe />
    <SbBtnGroup>1</SbBtnGroup>
  </SysButton>
  <SysButton>
    <SbId>EFE021E2-30FE-4500-9BF6-52611F1AAA4A</SbId>
    <SbPid>00000000-0000-0000-0000-000000000000</SbPid>
    <SbBtnText>查询</SbBtnText>
    <SbBtnId>m_Query</SbBtnId>
    <SbBtnClass>btn btn-sm  btn-success</SbBtnClass>
    <SbBtnIcon>fa fa-search</SbBtnIcon>
    <SbBtnOrder>1</SbBtnOrder>
    <SbStatus>1</SbStatus>
    <SbDescribe />
    <SbBtnGroup>1</SbBtnGroup>
  </SysButton>
  <SysButton>
    <SbId>F60C1C50-EBDC-430A-BE3A-30C4AB23C3FD</SbId>
    <SbPid>00000000-0000-0000-0000-000000000000</SbPid>
    <SbBtnText>复制并新增</SbBtnText>
    <SbBtnId>m_Copy</SbBtnId>
    <SbBtnClass>btn btn-info</SbBtnClass>
    <SbBtnIcon>fa fa-copy</SbBtnIcon>
    <SbBtnOrder>77</SbBtnOrder>
    <SbStatus>1</SbStatus>
    <SbBtnGroup>2</SbBtnGroup>
  </SysButton>
  <SysButton>
    <SbId>FA51A36A-69DD-4838-AD03-EFA8F038F23F</SbId>
    <SbPid>00000000-0000-0000-0000-000000000000</SbPid>
    <SbBtnText>审核</SbBtnText>
    <SbBtnId>m_Check</SbBtnId>
    <SbBtnClass>btn btn-sm  btn-info</SbBtnClass>
    <SbBtnIcon>fa fa-check-square-o</SbBtnIcon>
    <SbBtnOrder>11</SbBtnOrder>
    <SbStatus>1</SbStatus>
    <SbDescribe />
    <SbBtnGroup>1</SbBtnGroup>
  </SysButton>
</NewDataSet>