<NewDataSet>
  <xs:schema id="NewDataSet" xmlns="" xmlns:xs="http://www.w3.org/2001/XMLSchema" xmlns:msdata="urn:schemas-microsoft-com:xml-msdata">
    <xs:element name="NewDataSet" msdata:IsDataSet="true" msdata:MainDataTable="SysDictionary" msdata:UseCurrentLocale="true">
      <xs:complexType>
        <xs:choice minOccurs="0" maxOccurs="unbounded">
          <xs:element name="SysDictionary" msdata:MinimumCapacity="10000">
            <xs:complexType>
              <xs:sequence>
                <xs:element name="SdId" type="xs:string" />
                <xs:element name="SdPid" type="xs:string" minOccurs="0" />
                <xs:element name="SdType" type="xs:string" minOccurs="0" />
                <xs:element name="SdKey" type="xs:string" minOccurs="0" />
                <xs:element name="SdValue" type="xs:string" minOccurs="0" />
                <xs:element name="SdOrder" type="xs:long" minOccurs="0" />
                <xs:element name="SdStatus" type="xs:long" minOccurs="0" />
                <xs:element name="SdRemark" type="xs:string" minOccurs="0" />
                <xs:element name="SdAttribute1" type="xs:string" minOccurs="0" />
                <xs:element name="SdAttribute2" type="xs:string" minOccurs="0" />
                <xs:element name="SdAttribute3" type="xs:string" minOccurs="0" />
              </xs:sequence>
            </xs:complexType>
          </xs:element>
        </xs:choice>
      </xs:complexType>
      <xs:unique name="Constraint1">
        <xs:selector xpath=".//SysDictionary" />
        <xs:field xpath="SdId" />
      </xs:unique>
    </xs:element>
  </xs:schema>
  <SysDictionary>
    <SdId>4802e5d0-261f-4993-8e8c-48c73446a2f2</SdId>
    <SdPid>00000000-0000-0000-0000-000000000000</SdPid>
    <SdType>SysDictionary:SdType</SdType>
    <SdKey>1</SdKey>
    <SdValue>男</SdValue>
    <SdOrder>1</SdOrder>
    <SdStatus>1</SdStatus>
  </SysDictionary>
  <SysDictionary>
    <SdId>60ed6c37-8988-42ff-add9-3f7c8d700818</SdId>
    <SdPid>00000000-0000-0000-0000-000000000000</SdPid>
    <SdType>SysDictionary:SdType</SdType>
    <SdKey>2</SdKey>
    <SdValue>女</SdValue>
    <SdOrder>2</SdOrder>
    <SdStatus>1</SdStatus>
  </SysDictionary>
  <SysDictionary>
    <SdId>3d070710-365d-44a7-9954-4eef8654ffc7</SdId>
    <SdPid>00000000-0000-0000-0000-000000000000</SdPid>
    <SdType>SysDictionary:SdType</SdType>
    <SdKey>3</SdKey>
    <SdValue>中性</SdValue>
    <SdOrder>3</SdOrder>
    <SdStatus>2</SdStatus>
  </SysDictionary>
</NewDataSet>