<NewDataSet>
  <xs:schema id="NewDataSet" xmlns="" xmlns:xs="http://www.w3.org/2001/XMLSchema" xmlns:msdata="urn:schemas-microsoft-com:xml-msdata">
    <xs:element name="NewDataSet" msdata:IsDataSet="true" msdata:MainDataTable="SysLog" msdata:UseCurrentLocale="true">
      <xs:complexType>
        <xs:choice minOccurs="0" maxOccurs="unbounded">
          <xs:element name="SysLog" msdata:MinimumCapacity="10000">
            <xs:complexType>
              <xs:sequence>
                <xs:element name="LogId" type="xs:string" />
                <xs:element name="SuName" type="xs:string" minOccurs="0" />
                <xs:element name="SuNickname" type="xs:string" minOccurs="0" />
                <xs:element name="LogAction" type="xs:string" minOccurs="0" />
                <xs:element name="LogContent" type="xs:string" minOccurs="0" />
                <xs:element name="LogUrl" type="xs:string" minOccurs="0" />
                <xs:element name="LogIp" type="xs:string" minOccurs="0" />
                <xs:element name="LogUserAgent" type="xs:string" minOccurs="0" />
                <xs:element name="LogBrowserName" type="xs:string" minOccurs="0" />
                <xs:element name="LogSystemName" type="xs:string" minOccurs="0" />
                <xs:element name="LogGroup" type="xs:long" minOccurs="0" />
                <xs:element name="LogLevel" type="xs:string" minOccurs="0" />
                <xs:element name="LogCreateTime" type="xs:string" minOccurs="0" />
                <xs:element name="LogRemark" type="xs:string" minOccurs="0" />
              </xs:sequence>
            </xs:complexType>
          </xs:element>
        </xs:choice>
      </xs:complexType>
      <xs:unique name="Constraint1">
        <xs:selector xpath=".//SysLog" />
        <xs:field xpath="LogId" />
      </xs:unique>
    </xs:element>
  </xs:schema>
  <SysLog>
    <LogId>4791236174171035540</LogId>
    <SuName>admin</SuName>
    <SuNickname>管理员</SuNickname>
    <LogAction>/setting/querysyslog</LogAction>
    <LogContent>查询系统日志
DECLARE @__p_0 int = 0;
DECLARE @__p_1 int = 30;

SELECT [s].[LogId], [s].[LogAction], [s].[LogBrowserName], [s].[LogContent], [s].[LogCreateTime], [s].[LogGroup], [s].[LogIp], [s].[LogLevel], [s].[LogRemark], [s].[LogSystemName], [s].[LogUrl], [s].[LogUserAgent], [s].[SuName], [s].[SuNickname]
FROM [SysLog] AS [s]
ORDER BY [s].[LogCreateTime] DESC
OFFSET @__p_0 ROWS FETCH NEXT @__p_1 ROWS ONLY</LogContent>
    <LogUrl>/Setting/QuerySysLog?tableName=SysLog</LogUrl>
    <LogIp>::1</LogIp>
    <LogUserAgent>Mozilla/5.0 (Windows NT 10.0; Win64; x64) AppleWebKit/537.36 (KHTML, like Gecko) Chrome/106.0.0.0 Safari/537.36 Edg/106.0.1370.47</LogUserAgent>
    <LogBrowserName>Microsoft Edge 106.0.1370.47</LogBrowserName>
    <LogSystemName>Windows 10</LogSystemName>
    <LogGroup>1</LogGroup>
    <LogLevel>I</LogLevel>
    <LogCreateTime>2022-10-18 15:16:59.457</LogCreateTime>
    <LogRemark>请求耗时：242毫秒</LogRemark>
  </SysLog>
  <SysLog>
    <LogId>4875545967680445934</LogId>
    <SuName>admin</SuName>
    <SuNickname>管理员</SuNickname>
    <LogAction>/home/swaggercustomstyle</LogAction>
    <LogContent>Swagger自定义样式</LogContent>
    <LogUrl>/Home/SwaggerCustomStyle</LogUrl>
    <LogIp>::1</LogIp>
    <LogUserAgent>Mozilla/5.0 (Windows NT 10.0; Win64; x64) AppleWebKit/537.36 (KHTML, like Gecko) Chrome/106.0.0.0 Safari/537.36 Edg/106.0.1370.47</LogUserAgent>
    <LogBrowserName>Microsoft Edge 106.0.1370.47</LogBrowserName>
    <LogSystemName>Windows 10</LogSystemName>
    <LogGroup>1</LogGroup>
    <LogLevel>I</LogLevel>
    <LogCreateTime>2022-10-18 15:17:18.793</LogCreateTime>
    <LogRemark>请求耗时：5毫秒</LogRemark>
  </SysLog>
  <SysLog>
    <LogId>4695531586409940505</LogId>
    <SuName>admin</SuName>
    <SuNickname>管理员</SuNickname>
    <LogAction>/services/databaseexport</LogAction>
    <LogContent>数据库导出（开发环境）</LogContent>
    <LogUrl>/Services/DatabaseExport?zipName=db%2Fbackup.zip</LogUrl>
    <LogIp>::1</LogIp>
    <LogUserAgent>Mozilla/5.0 (Windows NT 10.0; Win64; x64) AppleWebKit/537.36 (KHTML, like Gecko) Chrome/106.0.0.0 Safari/537.36 Edg/106.0.1370.47</LogUserAgent>
    <LogBrowserName>Microsoft Edge 106.0.1370.47</LogBrowserName>
    <LogSystemName>Windows 10</LogSystemName>
    <LogGroup>1</LogGroup>
    <LogLevel>I</LogLevel>
    <LogCreateTime>2022-10-18 15:17:52.627</LogCreateTime>
    <LogRemark>请求耗时：10331毫秒</LogRemark>
  </SysLog>
  <SysLog>
    <LogId>5706542396488489658</LogId>
    <SuName>admin</SuName>
    <SuNickname>管理员</SuNickname>
    <LogAction>/services/databaseexport</LogAction>
    <LogContent>数据库导出（开发环境）</LogContent>
    <LogUrl>/Services/DatabaseExport?zipName=db%2Fbackup.zip</LogUrl>
    <LogIp>::1</LogIp>
    <LogUserAgent>Mozilla/5.0 (Windows NT 10.0; Win64; x64) AppleWebKit/537.36 (KHTML, like Gecko) Chrome/106.0.0.0 Safari/537.36 Edg/106.0.1370.47</LogUserAgent>
    <LogBrowserName>Microsoft Edge 106.0.1370.47</LogBrowserName>
    <LogSystemName>Windows 10</LogSystemName>
    <LogGroup>1</LogGroup>
    <LogLevel>I</LogLevel>
    <LogCreateTime>2022-10-18 15:19:40.07</LogCreateTime>
    <LogRemark>请求耗时：917毫秒</LogRemark>
  </SysLog>
  <SysLog>
    <LogId>5598497986353546076</LogId>
    <LogAction>/account/login</LogAction>
    <LogContent>登录页面</LogContent>
    <LogUrl>/account/login?ReturnUrl=%2F</LogUrl>
    <LogIp>::1</LogIp>
    <LogUserAgent>Mozilla/5.0 (Windows NT 10.0; Win64; x64) AppleWebKit/537.36 (KHTML, like Gecko) Chrome/110.0.0.0 Safari/537.36</LogUserAgent>
    <LogBrowserName>Chrome 110.0.0.0</LogBrowserName>
    <LogSystemName>Windows 10</LogSystemName>
    <LogGroup>1</LogGroup>
    <LogLevel>I</LogLevel>
    <LogCreateTime>2023-03-10 09:45:41.273</LogCreateTime>
    <LogRemark>请求耗时：945毫秒</LogRemark>
  </SysLog>
  <SysLog>
    <LogId>5574842219881471970</LogId>
    <LogAction>/account/captcha</LogAction>
    <LogContent>生成登录验证码</LogContent>
    <LogUrl>/account/captcha</LogUrl>
    <LogIp>::1</LogIp>
    <LogUserAgent>Mozilla/5.0 (Windows NT 10.0; Win64; x64) AppleWebKit/537.36 (KHTML, like Gecko) Chrome/110.0.0.0 Safari/537.36</LogUserAgent>
    <LogBrowserName>Chrome 110.0.0.0</LogBrowserName>
    <LogSystemName>Windows 10</LogSystemName>
    <LogGroup>1</LogGroup>
    <LogLevel>I</LogLevel>
    <LogCreateTime>2023-03-10 09:45:42.297</LogCreateTime>
    <LogRemark>请求耗时：170毫秒</LogRemark>
  </SysLog>
  <SysLog>
    <LogId>5318757763030357137</LogId>
    <LogAction>/account/loginvalidation</LogAction>
    <LogContent>未备注说明</LogContent>
    <LogUrl>/Account/LoginValidation?1678412762208</LogUrl>
    <LogIp>::1</LogIp>
    <LogUserAgent>Mozilla/5.0 (Windows NT 10.0; Win64; x64) AppleWebKit/537.36 (KHTML, like Gecko) Chrome/110.0.0.0 Safari/537.36</LogUserAgent>
    <LogBrowserName>Chrome 110.0.0.0</LogBrowserName>
    <LogSystemName>Windows 10</LogSystemName>
    <LogGroup>1</LogGroup>
    <LogLevel>I</LogLevel>
    <LogCreateTime>2023-03-10 09:46:02.567</LogCreateTime>
    <LogRemark>请求耗时：302毫秒</LogRemark>
  </SysLog>
  <SysLog>
    <LogId>5673793763132287798</LogId>
    <SuName>admin</SuName>
    <SuNickname>管理员</SuNickname>
    <LogAction>/home/index</LogAction>
    <LogContent>首页</LogContent>
    <LogUrl>/</LogUrl>
    <LogIp>::1</LogIp>
    <LogUserAgent>Mozilla/5.0 (Windows NT 10.0; Win64; x64) AppleWebKit/537.36 (KHTML, like Gecko) Chrome/110.0.0.0 Safari/537.36</LogUserAgent>
    <LogBrowserName>Chrome 110.0.0.0</LogBrowserName>
    <LogSystemName>Windows 10</LogSystemName>
    <LogGroup>1</LogGroup>
    <LogLevel>I</LogLevel>
    <LogCreateTime>2023-03-10 09:46:02.673</LogCreateTime>
    <LogRemark>请求耗时：71毫秒</LogRemark>
  </SysLog>
  <SysLog>
    <LogId>5252381206127728299</LogId>
    <SuName>admin</SuName>
    <SuNickname>管理员</SuNickname>
    <LogAction>/common/querymenu</LogAction>
    <LogContent>公共查询：菜单树</LogContent>
    <LogUrl>/Common/QueryMenu</LogUrl>
    <LogIp>::1</LogIp>
    <LogUserAgent>Mozilla/5.0 (Windows NT 10.0; Win64; x64) AppleWebKit/537.36 (KHTML, like Gecko) Chrome/110.0.0.0 Safari/537.36</LogUserAgent>
    <LogBrowserName>Chrome 110.0.0.0</LogBrowserName>
    <LogSystemName>Windows 10</LogSystemName>
    <LogGroup>1</LogGroup>
    <LogLevel>I</LogLevel>
    <LogCreateTime>2023-03-10 09:46:03.003</LogCreateTime>
    <LogRemark>请求耗时：139毫秒</LogRemark>
  </SysLog>
  <SysLog>
    <LogId>5568886547295478607</LogId>
    <SuName>admin</SuName>
    <SuNickname>管理员</SuNickname>
    <LogAction>/home/desk</LogAction>
    <LogContent>桌面</LogContent>
    <LogUrl>/home/desk</LogUrl>
    <LogIp>::1</LogIp>
    <LogUserAgent>Mozilla/5.0 (Windows NT 10.0; Win64; x64) AppleWebKit/537.36 (KHTML, like Gecko) Chrome/110.0.0.0 Safari/537.36</LogUserAgent>
    <LogBrowserName>Chrome 110.0.0.0</LogBrowserName>
    <LogSystemName>Windows 10</LogSystemName>
    <LogGroup>1</LogGroup>
    <LogLevel>I</LogLevel>
    <LogCreateTime>2023-03-10 09:46:03.05</LogCreateTime>
    <LogRemark>请求耗时：139毫秒</LogRemark>
  </SysLog>
  <SysLog>
    <LogId>5097052831677239465</LogId>
    <SuName>admin</SuName>
    <SuNickname>管理员</SuNickname>
    <LogAction>/setting/systableconfig</LogAction>
    <LogContent>系统表配置页面</LogContent>
    <LogUrl>/setting/systableconfig</LogUrl>
    <LogIp>::1</LogIp>
    <LogUserAgent>Mozilla/5.0 (Windows NT 10.0; Win64; x64) AppleWebKit/537.36 (KHTML, like Gecko) Chrome/110.0.0.0 Safari/537.36</LogUserAgent>
    <LogBrowserName>Chrome 110.0.0.0</LogBrowserName>
    <LogSystemName>Windows 10</LogSystemName>
    <LogGroup>1</LogGroup>
    <LogLevel>I</LogLevel>
    <LogCreateTime>2023-03-10 09:46:10.117</LogCreateTime>
    <LogRemark>请求耗时：257毫秒</LogRemark>
  </SysLog>
  <SysLog>
    <LogId>5255160898860178233</LogId>
    <SuName>admin</SuName>
    <SuNickname>管理员</SuNickname>
    <LogAction>/inlay/queryconfigtable</LogAction>
    <LogContent>查询配置表格
DECLARE @__p_0 int = 0;
DECLARE @__p_1 int = 30;

SELECT [s].[Id], [s].[ColAlign], [s].[ColExport], [s].[ColField], [s].[ColFormat], [s].[ColFrozen], [s].[ColHide], [s].[ColOrder], [s].[ColQuery], [s].[ColRelation], [s].[ColSort], [s].[ColTitle], [s].[ColWidth], [s].[DvTitle], [s].[FormArea], [s].[FormHide], [s].[FormMaxlength], [s].[FormOrder], [s].[FormPlaceholder], [s].[FormRequired], [s].[FormSpan], [s].[FormText], [s].[FormType], [s].[FormUrl], [s].[FormValue], [s].[TableName]
FROM [SysTableConfig] AS [s]
WHERE ([s].[ColHide] &lt;&gt; 2 OR ([s].[ColHide] IS NULL)) AND [s].[TableName] = 'SysTableConfig'
ORDER BY [s].[ColOrder]
OFFSET @__p_0 ROWS FETCH NEXT @__p_1 ROWS ONLY</LogContent>
    <LogUrl>/Inlay/QueryConfigTable?wheres=%5B%7B%22field%22%3A%22TableName%22%2C%22relation%22%3A%22Equal%22%2C%22value%22%3A%22SysTableConfig%22%7D%5D&amp;sort=ColOrder</LogUrl>
    <LogIp>::1</LogIp>
    <LogUserAgent>Mozilla/5.0 (Windows NT 10.0; Win64; x64) AppleWebKit/537.36 (KHTML, like Gecko) Chrome/110.0.0.0 Safari/537.36</LogUserAgent>
    <LogBrowserName>Chrome 110.0.0.0</LogBrowserName>
    <LogSystemName>Windows 10</LogSystemName>
    <LogGroup>1</LogGroup>
    <LogLevel>I</LogLevel>
    <LogCreateTime>2023-03-10 09:46:10.627</LogCreateTime>
    <LogRemark>请求耗时：410毫秒</LogRemark>
  </SysLog>
  <SysLog>
    <LogId>5553566368839802759</LogId>
    <SuName>admin</SuName>
    <SuNickname>管理员</SuNickname>
    <LogAction>/dk/servicestatus</LogAction>
    <LogUrl>/DK/ServiceStatus</LogUrl>
    <LogIp>::1</LogIp>
    <LogUserAgent>Mozilla/5.0 (Windows NT 10.0; Win64; x64) AppleWebKit/537.36 (KHTML, like Gecko) Chrome/110.0.0.0 Safari/537.36</LogUserAgent>
    <LogBrowserName>Chrome 110.0.0.0</LogBrowserName>
    <LogSystemName>Windows 10</LogSystemName>
    <LogGroup>1</LogGroup>
    <LogLevel>I</LogLevel>
    <LogCreateTime>2023-03-10 09:46:18.22</LogCreateTime>
    <LogRemark>请求耗时：2毫秒</LogRemark>
  </SysLog>
  <SysLog>
    <LogId>4736985579727851317</LogId>
    <SuName>admin</SuName>
    <SuNickname>管理员</SuNickname>
    <LogAction>/setting/syslog</LogAction>
    <LogContent>系统日志页面</LogContent>
    <LogUrl>/setting/syslog</LogUrl>
    <LogIp>::1</LogIp>
    <LogUserAgent>Mozilla/5.0 (Windows NT 10.0; Win64; x64) AppleWebKit/537.36 (KHTML, like Gecko) Chrome/110.0.0.0 Safari/537.36</LogUserAgent>
    <LogBrowserName>Chrome 110.0.0.0</LogBrowserName>
    <LogSystemName>Windows 10</LogSystemName>
    <LogGroup>1</LogGroup>
    <LogLevel>I</LogLevel>
    <LogCreateTime>2023-03-10 09:46:21.65</LogCreateTime>
    <LogRemark>请求耗时：17毫秒</LogRemark>
  </SysLog>
  <SysLog>
    <LogId>4615249137297239340</LogId>
    <SuName>admin</SuName>
    <SuNickname>管理员</SuNickname>
    <LogAction>/setting/querysyslog</LogAction>
    <LogContent>查询系统日志
DECLARE @__p_0 int = 0;
DECLARE @__p_1 int = 30;

SELECT [s].[LogId], [s].[LogAction], [s].[LogBrowserName], [s].[LogContent], [s].[LogCreateTime], [s].[LogGroup], [s].[LogIp], [s].[LogLevel], [s].[LogRemark], [s].[LogSystemName], [s].[LogUrl], [s].[LogUserAgent], [s].[SuName], [s].[SuNickname]
FROM [SysLog] AS [s]
ORDER BY [s].[LogCreateTime] DESC
OFFSET @__p_0 ROWS FETCH NEXT @__p_1 ROWS ONLY</LogContent>
    <LogUrl>/Setting/QuerySysLog?tableName=SysLog</LogUrl>
    <LogIp>::1</LogIp>
    <LogUserAgent>Mozilla/5.0 (Windows NT 10.0; Win64; x64) AppleWebKit/537.36 (KHTML, like Gecko) Chrome/110.0.0.0 Safari/537.36</LogUserAgent>
    <LogBrowserName>Chrome 110.0.0.0</LogBrowserName>
    <LogSystemName>Windows 10</LogSystemName>
    <LogGroup>1</LogGroup>
    <LogLevel>I</LogLevel>
    <LogCreateTime>2023-03-10 09:46:21.853</LogCreateTime>
    <LogRemark>请求耗时：132毫秒</LogRemark>
  </SysLog>
  <SysLog>
    <LogId>5049656950897932847</LogId>
    <SuName>admin</SuName>
    <SuNickname>管理员</SuNickname>
    <LogAction>/setting/sysbutton</LogAction>
    <LogContent>系统按钮页面</LogContent>
    <LogUrl>/setting/sysbutton</LogUrl>
    <LogIp>::1</LogIp>
    <LogUserAgent>Mozilla/5.0 (Windows NT 10.0; Win64; x64) AppleWebKit/537.36 (KHTML, like Gecko) Chrome/110.0.0.0 Safari/537.36</LogUserAgent>
    <LogBrowserName>Chrome 110.0.0.0</LogBrowserName>
    <LogSystemName>Windows 10</LogSystemName>
    <LogGroup>1</LogGroup>
    <LogLevel>I</LogLevel>
    <LogCreateTime>2023-03-10 09:47:21.953</LogCreateTime>
    <LogRemark>请求耗时：16毫秒</LogRemark>
  </SysLog>
  <SysLog>
    <LogId>4778326076610325594</LogId>
    <SuName>admin</SuName>
    <SuNickname>管理员</SuNickname>
    <LogAction>/common/querybuttontree</LogAction>
    <LogContent>公共查询：功能按钮树</LogContent>
    <LogUrl>/common/querybuttontree</LogUrl>
    <LogIp>::1</LogIp>
    <LogUserAgent>Mozilla/5.0 (Windows NT 10.0; Win64; x64) AppleWebKit/537.36 (KHTML, like Gecko) Chrome/110.0.0.0 Safari/537.36</LogUserAgent>
    <LogBrowserName>Chrome 110.0.0.0</LogBrowserName>
    <LogSystemName>Windows 10</LogSystemName>
    <LogGroup>1</LogGroup>
    <LogLevel>I</LogLevel>
    <LogCreateTime>2023-03-10 09:47:22.12</LogCreateTime>
    <LogRemark>请求耗时：63毫秒</LogRemark>
  </SysLog>
  <SysLog>
    <LogId>5683302490602004755</LogId>
    <SuName>admin</SuName>
    <SuNickname>管理员</SuNickname>
    <LogAction>/setting/querysysbutton</LogAction>
    <LogContent>查询系统按钮
</LogContent>
    <LogUrl>/Setting/QuerySysButton?tableName=SysButton</LogUrl>
    <LogIp>::1</LogIp>
    <LogUserAgent>Mozilla/5.0 (Windows NT 10.0; Win64; x64) AppleWebKit/537.36 (KHTML, like Gecko) Chrome/110.0.0.0 Safari/537.36</LogUserAgent>
    <LogBrowserName>Chrome 110.0.0.0</LogBrowserName>
    <LogSystemName>Windows 10</LogSystemName>
    <LogGroup>1</LogGroup>
    <LogLevel>I</LogLevel>
    <LogCreateTime>2023-03-10 09:47:22.207</LogCreateTime>
    <LogRemark>请求耗时：63毫秒</LogRemark>
  </SysLog>
</NewDataSet>