<NewDataSet>
  <xs:schema id="NewDataSet" xmlns="" xmlns:xs="http://www.w3.org/2001/XMLSchema" xmlns:msdata="urn:schemas-microsoft-com:xml-msdata">
    <xs:element name="NewDataSet" msdata:IsDataSet="true" msdata:MainDataTable="TempInvoiceDetail" msdata:UseCurrentLocale="true">
      <xs:complexType>
        <xs:choice minOccurs="0" maxOccurs="unbounded">
          <xs:element name="TempInvoiceDetail" msdata:MinimumCapacity="10000">
            <xs:complexType>
              <xs:sequence>
                <xs:element name="TidId" type="xs:string" />
                <xs:element name="TimId" type="xs:string" minOccurs="0" />
                <xs:element name="TimNo" type="xs:string" minOccurs="0" />
                <xs:element name="TidOrder" type="xs:long" minOccurs="0" />
                <xs:element name="GoodsId" type="xs:string" minOccurs="0" />
                <xs:element name="GoodsCount" type="xs:long" minOccurs="0" />
                <xs:element name="GoodsCost" type="xs:long" minOccurs="0" />
                <xs:element name="GoodsPrice" type="xs:long" minOccurs="0" />
                <xs:element name="Spare1" type="xs:string" minOccurs="0" />
                <xs:element name="Spare2" type="xs:string" minOccurs="0" />
                <xs:element name="Spare3" type="xs:string" minOccurs="0" />
              </xs:sequence>
            </xs:complexType>
          </xs:element>
        </xs:choice>
      </xs:complexType>
      <xs:unique name="Constraint1">
        <xs:selector xpath=".//TempInvoiceDetail" />
        <xs:field xpath="TidId" />
      </xs:unique>
    </xs:element>
  </xs:schema>
  <TempInvoiceDetail>
    <TidId>897dfbb3-c975-4e93-ab0b-d302769b0509</TidId>
    <TimId>3b750ae8-0b7b-47f3-84ea-4eea75a3939c</TimId>
    <GoodsId>明细3</GoodsId>
    <GoodsCount>3</GoodsCount>
    <GoodsCost>4</GoodsCost>
    <GoodsPrice>5</GoodsPrice>
  </TempInvoiceDetail>
  <TempInvoiceDetail>
    <TidId>e78bee72-94d1-4ff8-a450-f609890ccb84</TidId>
    <TimId>3b750ae8-0b7b-47f3-84ea-4eea75a3939c</TimId>
    <GoodsId>明细2</GoodsId>
    <GoodsCount>1</GoodsCount>
    <GoodsCost>2</GoodsCost>
    <GoodsPrice>3</GoodsPrice>
  </TempInvoiceDetail>
  <TempInvoiceDetail>
    <TidId>ee0d3d87-12d8-4f36-ac92-c14d60083328</TidId>
    <TimId>3b750ae8-0b7b-47f3-84ea-4eea75a3939c</TimId>
    <GoodsId>商品名称（浏览商品表，带出商品属性）</GoodsId>
    <GoodsCount>5</GoodsCount>
    <GoodsCost>10</GoodsCost>
    <GoodsPrice>12</GoodsPrice>
  </TempInvoiceDetail>
</NewDataSet>