<NewDataSet xmlns="dbo">
  <xs:schema id="NewDataSet" targetNamespace="dbo" xmlns:mstns="dbo" xmlns="dbo" xmlns:xs="http://www.w3.org/2001/XMLSchema" xmlns:msdata="urn:schemas-microsoft-com:xml-msdata" attributeFormDefault="qualified" elementFormDefault="qualified">
    <xs:element name="NewDataSet" msdata:IsDataSet="true" msdata:MainDataTable="dbo_x003A_DocSetDetail" msdata:UseCurrentLocale="true">
      <xs:complexType>
        <xs:choice minOccurs="0" maxOccurs="unbounded">
          <xs:element name="DocSetDetail" msdata:MinimumCapacity="10000">
            <xs:complexType>
              <xs:sequence>
                <xs:element name="DsdId">
                  <xs:simpleType>
                    <xs:restriction base="xs:string">
                      <xs:maxLength value="50" />
                    </xs:restriction>
                  </xs:simpleType>
                </xs:element>
                <xs:element name="DsdPid" minOccurs="0">
                  <xs:simpleType>
                    <xs:restriction base="xs:string">
                      <xs:maxLength value="50" />
                    </xs:restriction>
                  </xs:simpleType>
                </xs:element>
                <xs:element name="Uid" type="xs:int" minOccurs="0" />
                <xs:element name="DsCode" minOccurs="0">
                  <xs:simpleType>
                    <xs:restriction base="xs:string">
                      <xs:maxLength value="50" />
                    </xs:restriction>
                  </xs:simpleType>
                </xs:element>
                <xs:element name="DsdTitle" minOccurs="0">
                  <xs:simpleType>
                    <xs:restriction base="xs:string">
                      <xs:maxLength value="50" />
                    </xs:restriction>
                  </xs:simpleType>
                </xs:element>
                <xs:element name="DsdContentMd" minOccurs="0">
                  <xs:simpleType>
                    <xs:restriction base="xs:string">
                      <xs:maxLength value="2147483647" />
                    </xs:restriction>
                  </xs:simpleType>
                </xs:element>
                <xs:element name="DsdContentHtml" minOccurs="0">
                  <xs:simpleType>
                    <xs:restriction base="xs:string">
                      <xs:maxLength value="2147483647" />
                    </xs:restriction>
                  </xs:simpleType>
                </xs:element>
                <xs:element name="DsdContent" minOccurs="0">
                  <xs:simpleType>
                    <xs:restriction base="xs:string">
                      <xs:maxLength value="2147483647" />
                    </xs:restriction>
                  </xs:simpleType>
                </xs:element>
                <xs:element name="DsdCreateTime" type="xs:dateTime" minOccurs="0" />
                <xs:element name="DsdUpdateTime" type="xs:dateTime" minOccurs="0" />
                <xs:element name="DsdOrder" type="xs:int" minOccurs="0" />
                <xs:element name="Spare1" minOccurs="0">
                  <xs:simpleType>
                    <xs:restriction base="xs:string">
                      <xs:maxLength value="50" />
                    </xs:restriction>
                  </xs:simpleType>
                </xs:element>
                <xs:element name="Spare2" minOccurs="0">
                  <xs:simpleType>
                    <xs:restriction base="xs:string">
                      <xs:maxLength value="50" />
                    </xs:restriction>
                  </xs:simpleType>
                </xs:element>
                <xs:element name="Spare3" minOccurs="0">
                  <xs:simpleType>
                    <xs:restriction base="xs:string">
                      <xs:maxLength value="50" />
                    </xs:restriction>
                  </xs:simpleType>
                </xs:element>
                <xs:element name="DsdLetest" type="xs:int" minOccurs="0" />
              </xs:sequence>
            </xs:complexType>
          </xs:element>
        </xs:choice>
      </xs:complexType>
    </xs:element>
  </xs:schema>
  <DocSetDetail>
    <DsdId>5107490705099038924</DsdId>
    <DsdPid>00000000-0000-0000-0000-000000000000</DsdPid>
    <Uid>1</Uid>
    <DsCode>4840050256984581805</DsCode>
    <DsdTitle>item</DsdTitle>
    <DsdContentMd>-  项目表，储存项目信息

|字段|类型|空|默认|注释|
|:----|:-------|:---|----|------|
|item_id	  |int(10)     |否	|	 |	 项目id、自增id          |
|item_name |varchar(50) |否	|    |	 项目名	|
|item_description |varchar(225) |否   |    |	 项目描述		 |
|uid     |int(10) |是   |    |    创建人uid     |
|username |varchar(50)     |否   |   |   创建人用户名  |
|password |varchar(50)     |否   |   |   项目密码。可为空。空表示可以公开访问的项目  |
|addtime |int(11)     |否   |   |   项目添加的时间，时间戳  |
|last_update_time |int(11)     |否   |   |   项目最后更新时间，时间戳  |
- 备注：无</DsdContentMd>
    <DsdContentHtml>&lt;ul&gt;
&lt;li&gt;项目表，储存项目信息&lt;/li&gt;
&lt;/ul&gt;
&lt;table&gt;
&lt;thead&gt;
&lt;tr&gt;&lt;th style="text-align:left"&gt;字段&lt;/th&gt;&lt;th style="text-align:left"&gt;类型&lt;/th&gt;&lt;th style="text-align:left"&gt;空&lt;/th&gt;&lt;th&gt;默认&lt;/th&gt;&lt;th&gt;注释&lt;/th&gt;&lt;/tr&gt;
&lt;/thead&gt;
&lt;tbody&gt;
&lt;tr&gt;&lt;td style="text-align:left"&gt;item_id&lt;/td&gt;&lt;td style="text-align:left"&gt;int(10)&lt;/td&gt;&lt;td style="text-align:left"&gt;否&lt;/td&gt;&lt;td&gt;&lt;/td&gt;&lt;td&gt;项目id、自增id&lt;/td&gt;&lt;/tr&gt;
&lt;tr&gt;&lt;td style="text-align:left"&gt;item_name&lt;/td&gt;&lt;td style="text-align:left"&gt;varchar(50)&lt;/td&gt;&lt;td style="text-align:left"&gt;否&lt;/td&gt;&lt;td&gt;&lt;/td&gt;&lt;td&gt;项目名&lt;/td&gt;&lt;/tr&gt;
&lt;tr&gt;&lt;td style="text-align:left"&gt;item_description&lt;/td&gt;&lt;td style="text-align:left"&gt;varchar(225)&lt;/td&gt;&lt;td style="text-align:left"&gt;否&lt;/td&gt;&lt;td&gt;&lt;/td&gt;&lt;td&gt;项目描述&lt;/td&gt;&lt;/tr&gt;
&lt;tr&gt;&lt;td style="text-align:left"&gt;uid&lt;/td&gt;&lt;td style="text-align:left"&gt;int(10)&lt;/td&gt;&lt;td style="text-align:left"&gt;是&lt;/td&gt;&lt;td&gt;&lt;/td&gt;&lt;td&gt;创建人uid&lt;/td&gt;&lt;/tr&gt;
&lt;tr&gt;&lt;td style="text-align:left"&gt;username&lt;/td&gt;&lt;td style="text-align:left"&gt;varchar(50)&lt;/td&gt;&lt;td style="text-align:left"&gt;否&lt;/td&gt;&lt;td&gt;&lt;/td&gt;&lt;td&gt;创建人用户名&lt;/td&gt;&lt;/tr&gt;
&lt;tr&gt;&lt;td style="text-align:left"&gt;password&lt;/td&gt;&lt;td style="text-align:left"&gt;varchar(50)&lt;/td&gt;&lt;td style="text-align:left"&gt;否&lt;/td&gt;&lt;td&gt;&lt;/td&gt;&lt;td&gt;项目密码。可为空。空表示可以公开访问的项目&lt;/td&gt;&lt;/tr&gt;
&lt;tr&gt;&lt;td style="text-align:left"&gt;addtime&lt;/td&gt;&lt;td style="text-align:left"&gt;int(11)&lt;/td&gt;&lt;td style="text-align:left"&gt;否&lt;/td&gt;&lt;td&gt;&lt;/td&gt;&lt;td&gt;项目添加的时间，时间戳&lt;/td&gt;&lt;/tr&gt;
&lt;tr&gt;&lt;td style="text-align:left"&gt;last_update_time&lt;/td&gt;&lt;td style="text-align:left"&gt;int(11)&lt;/td&gt;&lt;td style="text-align:left"&gt;否&lt;/td&gt;&lt;td&gt;&lt;/td&gt;&lt;td&gt;项目最后更新时间，时间戳&lt;/td&gt;&lt;/tr&gt;
&lt;/tbody&gt;
&lt;/table&gt;
&lt;ul&gt;
&lt;li&gt;备注：无&lt;/li&gt;
&lt;/ul&gt;</DsdContentHtml>
    <DsdCreateTime>2019-01-16T16:08:34+08:00</DsdCreateTime>
    <DsdUpdateTime>2019-01-16T16:08:34+08:00</DsdUpdateTime>
    <DsdOrder>2</DsdOrder>
  </DocSetDetail>
  <DocSetDetail>
    <DsdId>5749984065357804376</DsdId>
    <DsdPid>00000000-0000-0000-0000-000000000000</DsdPid>
    <Uid>1</Uid>
    <DsCode>4840050256984581805</DsCode>
    <DsdTitle>说明</DsdTitle>
    <DsdContentMd>这是系统生成的数据字典示例。</DsdContentMd>
    <DsdContentHtml>&lt;p&gt;这是系统生成的数据字典示例。&lt;/p&gt;</DsdContentHtml>
    <DsdCreateTime>2019-01-16T16:07:27+08:00</DsdCreateTime>
    <DsdUpdateTime>2019-01-16T16:07:27+08:00</DsdUpdateTime>
    <DsdOrder>1</DsdOrder>
  </DocSetDetail>
  <DocSetDetail>
    <DsdId>5759987597722086789</DsdId>
    <DsdPid>00000000-0000-0000-0000-000000000000</DsdPid>
    <Uid>1</Uid>
    <DsCode>4840050256984581805</DsCode>
    <DsdTitle>user</DsdTitle>
    <DsdContentMd>-  用户表，储存用户信息

|字段|类型|空|默认|注释|
|:----    |:-------    |:--- |----|------      |
|uid	  |int(10)     |否	|	 |	           |
|username |varchar(20) |否	|    |	 用户名	|
|groupid  |tinyint(2)   |否	|  2  |	 1为管理员，2为普通用户。此字段保留方便以后扩展	|
|password |varchar(50) |否   |    |	 密码		 |
|cookie_token |varchar(50) |否   |    |	  |
|cookie_token_expire |int(11) |否   |    |	 过期时间		 |
|avatar |varchar(200) |是   |    |	 头像		 |
|avatar_small |varchar(200) |是   |    |	 小头像	 |
|email |varchar(50) |否   |    |	 邮箱		 |
|name     |varchar(15) |是   |    |    昵称     |
|reg_time |int(11)     |否   | 0  |   注册时间  |
|last_login_time |int(11)     |否   | 0  |   最后一次登录时间  |

- 备注：无</DsdContentMd>
    <DsdContentHtml>&lt;ul&gt;
&lt;li&gt;用户表，储存用户信息&lt;/li&gt;
&lt;/ul&gt;
&lt;table&gt;
&lt;thead&gt;
&lt;tr&gt;&lt;th style="text-align:left"&gt;字段&lt;/th&gt;&lt;th style="text-align:left"&gt;类型&lt;/th&gt;&lt;th style="text-align:left"&gt;空&lt;/th&gt;&lt;th&gt;默认&lt;/th&gt;&lt;th&gt;注释&lt;/th&gt;&lt;/tr&gt;
&lt;/thead&gt;
&lt;tbody&gt;
&lt;tr&gt;&lt;td style="text-align:left"&gt;uid&lt;/td&gt;&lt;td style="text-align:left"&gt;int(10)&lt;/td&gt;&lt;td style="text-align:left"&gt;否&lt;/td&gt;&lt;td&gt;&lt;/td&gt;&lt;td&gt;&lt;/td&gt;&lt;/tr&gt;
&lt;tr&gt;&lt;td style="text-align:left"&gt;username&lt;/td&gt;&lt;td style="text-align:left"&gt;varchar(20)&lt;/td&gt;&lt;td style="text-align:left"&gt;否&lt;/td&gt;&lt;td&gt;&lt;/td&gt;&lt;td&gt;用户名&lt;/td&gt;&lt;/tr&gt;
&lt;tr&gt;&lt;td style="text-align:left"&gt;groupid&lt;/td&gt;&lt;td style="text-align:left"&gt;tinyint(2)&lt;/td&gt;&lt;td style="text-align:left"&gt;否&lt;/td&gt;&lt;td&gt;2&lt;/td&gt;&lt;td&gt;1为管理员，2为普通用户。此字段保留方便以后扩展&lt;/td&gt;&lt;/tr&gt;
&lt;tr&gt;&lt;td style="text-align:left"&gt;password&lt;/td&gt;&lt;td style="text-align:left"&gt;varchar(50)&lt;/td&gt;&lt;td style="text-align:left"&gt;否&lt;/td&gt;&lt;td&gt;&lt;/td&gt;&lt;td&gt;密码&lt;/td&gt;&lt;/tr&gt;
&lt;tr&gt;&lt;td style="text-align:left"&gt;cookie_token&lt;/td&gt;&lt;td style="text-align:left"&gt;varchar(50)&lt;/td&gt;&lt;td style="text-align:left"&gt;否&lt;/td&gt;&lt;td&gt;&lt;/td&gt;&lt;td&gt;&lt;/td&gt;&lt;/tr&gt;
&lt;tr&gt;&lt;td style="text-align:left"&gt;cookie_token_expire&lt;/td&gt;&lt;td style="text-align:left"&gt;int(11)&lt;/td&gt;&lt;td style="text-align:left"&gt;否&lt;/td&gt;&lt;td&gt;&lt;/td&gt;&lt;td&gt;过期时间&lt;/td&gt;&lt;/tr&gt;
&lt;tr&gt;&lt;td style="text-align:left"&gt;avatar&lt;/td&gt;&lt;td style="text-align:left"&gt;varchar(200)&lt;/td&gt;&lt;td style="text-align:left"&gt;是&lt;/td&gt;&lt;td&gt;&lt;/td&gt;&lt;td&gt;头像&lt;/td&gt;&lt;/tr&gt;
&lt;tr&gt;&lt;td style="text-align:left"&gt;avatar_small&lt;/td&gt;&lt;td style="text-align:left"&gt;varchar(200)&lt;/td&gt;&lt;td style="text-align:left"&gt;是&lt;/td&gt;&lt;td&gt;&lt;/td&gt;&lt;td&gt;小头像&lt;/td&gt;&lt;/tr&gt;
&lt;tr&gt;&lt;td style="text-align:left"&gt;email&lt;/td&gt;&lt;td style="text-align:left"&gt;varchar(50)&lt;/td&gt;&lt;td style="text-align:left"&gt;否&lt;/td&gt;&lt;td&gt;&lt;/td&gt;&lt;td&gt;邮箱&lt;/td&gt;&lt;/tr&gt;
&lt;tr&gt;&lt;td style="text-align:left"&gt;name&lt;/td&gt;&lt;td style="text-align:left"&gt;varchar(15)&lt;/td&gt;&lt;td style="text-align:left"&gt;是&lt;/td&gt;&lt;td&gt;&lt;/td&gt;&lt;td&gt;昵称&lt;/td&gt;&lt;/tr&gt;
&lt;tr&gt;&lt;td style="text-align:left"&gt;reg_time&lt;/td&gt;&lt;td style="text-align:left"&gt;int(11)&lt;/td&gt;&lt;td style="text-align:left"&gt;否&lt;/td&gt;&lt;td&gt;0&lt;/td&gt;&lt;td&gt;注册时间&lt;/td&gt;&lt;/tr&gt;
&lt;tr&gt;&lt;td style="text-align:left"&gt;last_login_time&lt;/td&gt;&lt;td style="text-align:left"&gt;int(11)&lt;/td&gt;&lt;td style="text-align:left"&gt;否&lt;/td&gt;&lt;td&gt;0&lt;/td&gt;&lt;td&gt;最后一次登录时间&lt;/td&gt;&lt;/tr&gt;
&lt;/tbody&gt;
&lt;/table&gt;
&lt;ul&gt;
&lt;li&gt;备注：无&lt;/li&gt;
&lt;/ul&gt;</DsdContentHtml>
    <DsdCreateTime>2019-01-16T16:09:12+08:00</DsdCreateTime>
    <DsdUpdateTime>2019-01-16T16:09:12+08:00</DsdUpdateTime>
    <DsdOrder>3</DsdOrder>
  </DocSetDetail>
  <DocSetDetail>
    <DsdId>4984161198208022738</DsdId>
    <DsdPid>eef025fe-7172-4787-a0df-fb2b57b4ec8d</DsdPid>
    <Uid>1</Uid>
    <DsCode>5036967707833574483</DsCode>
    <DsdTitle>城市数据</DsdTitle>
    <DsdContentMd>**简要描述：** 

- 获取某个省份的城市数据

**请求URL：** 
- ` http://xx.com/api/geograph/citys `
  
**请求方式：**
- GET 

**参数：** 

|参数名|必选|类型|说明|
|:----    |:---|:----- |-----   |
|code |是  |string |省份代码   |

 **返回示例**
``` 
{
    "error_code": 0,
    "data": [
        {
            "id": "28241",
            "code": "4401",
            "parentid": "44",
            "name": "广州市",
            "level": "2"
        },
        {
            "id": "28421",
            "code": "4402",
            "parentid": "44",
            "name": "韶关市",
            "level": "2"
        },
        {
            "id": "28558",
            "code": "4403",
            "parentid": "44",
            "name": "深圳市",
            "level": "2"
        },
       ....
    ]
}
```
 **返回参数说明** 
无

 **备注** 

- 更多返回错误代码请看首页的错误代码描述</DsdContentMd>
    <DsdContentHtml>&lt;p&gt;&lt;strong&gt;简要描述：&lt;/strong&gt;&lt;/p&gt;
&lt;ul&gt;
&lt;li&gt;获取某个省份的城市数据&lt;/li&gt;
&lt;/ul&gt;
&lt;p&gt;&lt;strong&gt;请求URL：&lt;/strong&gt;&lt;/p&gt;
&lt;ul&gt;
&lt;li&gt;&lt;code&gt;http://xx.com/api/geograph/citys&lt;/code&gt;&lt;/li&gt;
&lt;/ul&gt;
&lt;p&gt;&lt;strong&gt;请求方式：&lt;/strong&gt;&lt;/p&gt;
&lt;ul&gt;
&lt;li&gt;GET&lt;/li&gt;
&lt;/ul&gt;
&lt;p&gt;&lt;strong&gt;参数：&lt;/strong&gt;&lt;/p&gt;
&lt;table&gt;
&lt;thead&gt;
&lt;tr&gt;&lt;th style="text-align:left"&gt;参数名&lt;/th&gt;&lt;th style="text-align:left"&gt;必选&lt;/th&gt;&lt;th style="text-align:left"&gt;类型&lt;/th&gt;&lt;th&gt;说明&lt;/th&gt;&lt;/tr&gt;
&lt;/thead&gt;
&lt;tbody&gt;
&lt;tr&gt;&lt;td style="text-align:left"&gt;code&lt;/td&gt;&lt;td style="text-align:left"&gt;是&lt;/td&gt;&lt;td style="text-align:left"&gt;string&lt;/td&gt;&lt;td&gt;省份代码&lt;/td&gt;&lt;/tr&gt;
&lt;/tbody&gt;
&lt;/table&gt;
&lt;p&gt;&lt;strong&gt;返回示例&lt;/strong&gt;&lt;/p&gt;
&lt;pre&gt;&lt;code&gt;{
    &lt;span class="hljs-attr"&gt;"error_code"&lt;/span&gt;: &lt;span class="hljs-number"&gt;0&lt;/span&gt;,
    &lt;span class="hljs-attr"&gt;"data"&lt;/span&gt;: [
        {
            &lt;span class="hljs-attr"&gt;"id"&lt;/span&gt;: &lt;span class="hljs-string"&gt;"28241"&lt;/span&gt;,
            &lt;span class="hljs-attr"&gt;"code"&lt;/span&gt;: &lt;span class="hljs-string"&gt;"4401"&lt;/span&gt;,
            &lt;span class="hljs-attr"&gt;"parentid"&lt;/span&gt;: &lt;span class="hljs-string"&gt;"44"&lt;/span&gt;,
            &lt;span class="hljs-attr"&gt;"name"&lt;/span&gt;: &lt;span class="hljs-string"&gt;"广州市"&lt;/span&gt;,
            &lt;span class="hljs-attr"&gt;"level"&lt;/span&gt;: &lt;span class="hljs-string"&gt;"2"&lt;/span&gt;
        },
        {
            &lt;span class="hljs-attr"&gt;"id"&lt;/span&gt;: &lt;span class="hljs-string"&gt;"28421"&lt;/span&gt;,
            &lt;span class="hljs-attr"&gt;"code"&lt;/span&gt;: &lt;span class="hljs-string"&gt;"4402"&lt;/span&gt;,
            &lt;span class="hljs-attr"&gt;"parentid"&lt;/span&gt;: &lt;span class="hljs-string"&gt;"44"&lt;/span&gt;,
            &lt;span class="hljs-attr"&gt;"name"&lt;/span&gt;: &lt;span class="hljs-string"&gt;"韶关市"&lt;/span&gt;,
            &lt;span class="hljs-attr"&gt;"level"&lt;/span&gt;: &lt;span class="hljs-string"&gt;"2"&lt;/span&gt;
        },
        {
            &lt;span class="hljs-attr"&gt;"id"&lt;/span&gt;: &lt;span class="hljs-string"&gt;"28558"&lt;/span&gt;,
            &lt;span class="hljs-attr"&gt;"code"&lt;/span&gt;: &lt;span class="hljs-string"&gt;"4403"&lt;/span&gt;,
            &lt;span class="hljs-attr"&gt;"parentid"&lt;/span&gt;: &lt;span class="hljs-string"&gt;"44"&lt;/span&gt;,
            &lt;span class="hljs-attr"&gt;"name"&lt;/span&gt;: &lt;span class="hljs-string"&gt;"深圳市"&lt;/span&gt;,
            &lt;span class="hljs-attr"&gt;"level"&lt;/span&gt;: &lt;span class="hljs-string"&gt;"2"&lt;/span&gt;
        },
       ....
    ]
}
&lt;/code&gt;&lt;/pre&gt;
&lt;p&gt;&lt;strong&gt;返回参数说明&lt;/strong&gt;
无&lt;/p&gt;
&lt;p&gt;&lt;strong&gt;备注&lt;/strong&gt;&lt;/p&gt;
&lt;ul&gt;
&lt;li&gt;更多返回错误代码请看首页的错误代码描述&lt;/li&gt;
&lt;/ul&gt;</DsdContentHtml>
    <DsdCreateTime>2019-01-16T15:59:56+08:00</DsdCreateTime>
    <DsdUpdateTime>2019-01-16T15:59:56+08:00</DsdUpdateTime>
    <DsdOrder>2</DsdOrder>
  </DocSetDetail>
  <DocSetDetail>
    <DsdId>5024548689808552515</DsdId>
    <DsdPid>ea582cb8-6df4-4830-ab78-2c0ec432d998</DsdPid>
    <Uid>1</Uid>
    <DsCode>5036967707833574483</DsCode>
    <DsdTitle>API接口模版</DsdTitle>
    <DsdContentMd>**简要描述：**

- 用户注册接口

**请求URL：** 
- `http://xx.com/api/user/register`
  
**请求方式：**

- POST

**参数：**

|参数名|必选|类型|说明|
|:----|:----:|:-----|:-----|
|username |是 |string |用户名 |
|password |是 |string |密码 |
|name |否 |string | 昵称 |

 **返回示例**

``` 
  {
    "error_code": 0,
    "data": {
      "uid": "1",
      "username": "12345",
      "name": "汤姆",
      "sex": 2 ,
      "reg_time": "1436865212"
    }
  }
```

 **返回参数说明** 

|参数名|类型|说明|
|:-----|:-----|-----|
|sex |int |性别编码，1：男；2：女 |

 **备注** 

- 更多返回错误代码请看首页的错误代码描述</DsdContentMd>
    <DsdContentHtml>&lt;p&gt;&lt;strong&gt;简要描述：&lt;/strong&gt;&lt;/p&gt;
&lt;ul&gt;
&lt;li&gt;用户注册接口&lt;/li&gt;
&lt;/ul&gt;
&lt;p&gt;&lt;strong&gt;请求URL：&lt;/strong&gt;&lt;/p&gt;
&lt;ul&gt;
&lt;li&gt;&lt;code&gt;http://xx.com/api/user/register&lt;/code&gt;&lt;/li&gt;
&lt;/ul&gt;
&lt;p&gt;&lt;strong&gt;请求方式：&lt;/strong&gt;&lt;/p&gt;
&lt;ul&gt;
&lt;li&gt;POST&lt;/li&gt;
&lt;/ul&gt;
&lt;p&gt;&lt;strong&gt;参数：&lt;/strong&gt;&lt;/p&gt;
&lt;table&gt;
&lt;thead&gt;
&lt;tr&gt;&lt;th style="text-align:left"&gt;参数名&lt;/th&gt;&lt;th style="text-align:center"&gt;必选&lt;/th&gt;&lt;th style="text-align:left"&gt;类型&lt;/th&gt;&lt;th style="text-align:left"&gt;说明&lt;/th&gt;&lt;/tr&gt;
&lt;/thead&gt;
&lt;tbody&gt;
&lt;tr&gt;&lt;td style="text-align:left"&gt;username&lt;/td&gt;&lt;td style="text-align:center"&gt;是&lt;/td&gt;&lt;td style="text-align:left"&gt;string&lt;/td&gt;&lt;td style="text-align:left"&gt;用户名&lt;/td&gt;&lt;/tr&gt;
&lt;tr&gt;&lt;td style="text-align:left"&gt;password&lt;/td&gt;&lt;td style="text-align:center"&gt;是&lt;/td&gt;&lt;td style="text-align:left"&gt;string&lt;/td&gt;&lt;td style="text-align:left"&gt;密码&lt;/td&gt;&lt;/tr&gt;
&lt;tr&gt;&lt;td style="text-align:left"&gt;name&lt;/td&gt;&lt;td style="text-align:center"&gt;否&lt;/td&gt;&lt;td style="text-align:left"&gt;string&lt;/td&gt;&lt;td style="text-align:left"&gt;昵称&lt;/td&gt;&lt;/tr&gt;
&lt;/tbody&gt;
&lt;/table&gt;
&lt;p&gt;&lt;strong&gt;返回示例&lt;/strong&gt;&lt;/p&gt;
&lt;pre&gt;&lt;code&gt;  {
    &lt;span class="hljs-attr"&gt;"error_code"&lt;/span&gt;: &lt;span class="hljs-number"&gt;0&lt;/span&gt;,
    &lt;span class="hljs-attr"&gt;"data"&lt;/span&gt;: {
      &lt;span class="hljs-attr"&gt;"uid"&lt;/span&gt;: &lt;span class="hljs-string"&gt;"1"&lt;/span&gt;,
      &lt;span class="hljs-attr"&gt;"username"&lt;/span&gt;: &lt;span class="hljs-string"&gt;"12345"&lt;/span&gt;,
      &lt;span class="hljs-attr"&gt;"name"&lt;/span&gt;: &lt;span class="hljs-string"&gt;"汤姆"&lt;/span&gt;,
      &lt;span class="hljs-attr"&gt;"sex"&lt;/span&gt;: &lt;span class="hljs-number"&gt;2&lt;/span&gt; ,
      &lt;span class="hljs-attr"&gt;"reg_time"&lt;/span&gt;: &lt;span class="hljs-string"&gt;"1436865212"&lt;/span&gt;
    }
  }
&lt;/code&gt;&lt;/pre&gt;
&lt;p&gt;&lt;strong&gt;返回参数说明&lt;/strong&gt;&lt;/p&gt;
&lt;table&gt;
&lt;thead&gt;
&lt;tr&gt;&lt;th style="text-align:left"&gt;参数名&lt;/th&gt;&lt;th style="text-align:left"&gt;类型&lt;/th&gt;&lt;th&gt;说明&lt;/th&gt;&lt;/tr&gt;
&lt;/thead&gt;
&lt;tbody&gt;
&lt;tr&gt;&lt;td style="text-align:left"&gt;sex&lt;/td&gt;&lt;td style="text-align:left"&gt;int&lt;/td&gt;&lt;td&gt;性别编码，1：男；2：女&lt;/td&gt;&lt;/tr&gt;
&lt;/tbody&gt;
&lt;/table&gt;
&lt;p&gt;&lt;strong&gt;备注&lt;/strong&gt;&lt;/p&gt;
&lt;ul&gt;
&lt;li&gt;更多返回错误代码请看首页的错误代码描述&lt;/li&gt;
&lt;/ul&gt;</DsdContentHtml>
    <DsdCreateTime>2019-01-16T15:57:40+08:00</DsdCreateTime>
    <DsdUpdateTime>2019-01-16T15:57:40+08:00</DsdUpdateTime>
    <DsdOrder>1</DsdOrder>
  </DocSetDetail>
  <DocSetDetail>
    <DsdId>5194555992964224291</DsdId>
    <DsdPid>eef025fe-7172-4787-a0df-fb2b57b4ec8d</DsdPid>
    <Uid>1</Uid>
    <DsCode>5036967707833574483</DsCode>
    <DsdTitle>国内数据</DsdTitle>
    <DsdContentMd>**简要描述：** 

- 获取全国省份数据

**请求URL：** 
- ` http://xx.com/api/geograph/province `
  
**请求方式：**
- GET 

**参数：** 

无

 **返回示例**
``` 
{
    "error_code": 0,
    "data": [
        {
            "id": "1",
            "code": "11",
            "parentid": "0",
            "name": "北京市",
            "level": "1"
        },
        {
            "id": "636",
            "code": "13",
            "parentid": "0",
            "name": "河北省",
            "level": "1"
        },
     .....     
    ]
}

```
 **返回参数说明** 

无

 **备注** 

- 更多返回错误代码请看首页的错误代码描述</DsdContentMd>
    <DsdContentHtml>&lt;p&gt;&lt;strong&gt;简要描述：&lt;/strong&gt;&lt;/p&gt;
&lt;ul&gt;
&lt;li&gt;获取全国省份数据&lt;/li&gt;
&lt;/ul&gt;
&lt;p&gt;&lt;strong&gt;请求URL：&lt;/strong&gt;&lt;/p&gt;
&lt;ul&gt;
&lt;li&gt;&lt;code&gt;http://xx.com/api/geograph/province&lt;/code&gt;&lt;/li&gt;
&lt;/ul&gt;
&lt;p&gt;&lt;strong&gt;请求方式：&lt;/strong&gt;&lt;/p&gt;
&lt;ul&gt;
&lt;li&gt;GET&lt;/li&gt;
&lt;/ul&gt;
&lt;p&gt;&lt;strong&gt;参数：&lt;/strong&gt;&lt;/p&gt;
&lt;p&gt;无&lt;/p&gt;
&lt;p&gt;&lt;strong&gt;返回示例&lt;/strong&gt;&lt;/p&gt;
&lt;pre&gt;&lt;code&gt;{
    &lt;span class="hljs-attr"&gt;"error_code"&lt;/span&gt;: &lt;span class="hljs-number"&gt;0&lt;/span&gt;,
    &lt;span class="hljs-attr"&gt;"data"&lt;/span&gt;: [
        {
            &lt;span class="hljs-attr"&gt;"id"&lt;/span&gt;: &lt;span class="hljs-string"&gt;"1"&lt;/span&gt;,
            &lt;span class="hljs-attr"&gt;"code"&lt;/span&gt;: &lt;span class="hljs-string"&gt;"11"&lt;/span&gt;,
            &lt;span class="hljs-attr"&gt;"parentid"&lt;/span&gt;: &lt;span class="hljs-string"&gt;"0"&lt;/span&gt;,
            &lt;span class="hljs-attr"&gt;"name"&lt;/span&gt;: &lt;span class="hljs-string"&gt;"北京市"&lt;/span&gt;,
            &lt;span class="hljs-attr"&gt;"level"&lt;/span&gt;: &lt;span class="hljs-string"&gt;"1"&lt;/span&gt;
        },
        {
            &lt;span class="hljs-attr"&gt;"id"&lt;/span&gt;: &lt;span class="hljs-string"&gt;"636"&lt;/span&gt;,
            &lt;span class="hljs-attr"&gt;"code"&lt;/span&gt;: &lt;span class="hljs-string"&gt;"13"&lt;/span&gt;,
            &lt;span class="hljs-attr"&gt;"parentid"&lt;/span&gt;: &lt;span class="hljs-string"&gt;"0"&lt;/span&gt;,
            &lt;span class="hljs-attr"&gt;"name"&lt;/span&gt;: &lt;span class="hljs-string"&gt;"河北省"&lt;/span&gt;,
            &lt;span class="hljs-attr"&gt;"level"&lt;/span&gt;: &lt;span class="hljs-string"&gt;"1"&lt;/span&gt;
        },
     .....     
    ]
}

&lt;/code&gt;&lt;/pre&gt;
&lt;p&gt;&lt;strong&gt;返回参数说明&lt;/strong&gt;&lt;/p&gt;
&lt;p&gt;无&lt;/p&gt;
&lt;p&gt;&lt;strong&gt;备注&lt;/strong&gt;&lt;/p&gt;
&lt;ul&gt;
&lt;li&gt;更多返回错误代码请看首页的错误代码描述&lt;/li&gt;
&lt;/ul&gt;</DsdContentHtml>
    <DsdCreateTime>2019-01-16T15:59:24+08:00</DsdCreateTime>
    <DsdUpdateTime>2019-01-16T15:59:24+08:00</DsdUpdateTime>
    <DsdOrder>1</DsdOrder>
  </DocSetDetail>
  <DocSetDetail>
    <DsdId>5333340956490622048</DsdId>
    <DsdPid>00000000-0000-0000-0000-000000000000</DsdPid>
    <Uid>1</Uid>
    <DsCode>5036967707833574483</DsCode>
    <DsdTitle>结束</DsdTitle>
    <DsdContentMd>示例结束</DsdContentMd>
    <DsdContentHtml>&lt;p&gt;示例结束&lt;/p&gt;</DsdContentHtml>
    <DsdCreateTime>2019-01-16T15:56:18+08:00</DsdCreateTime>
    <DsdUpdateTime>2019-01-16T15:56:18+08:00</DsdUpdateTime>
    <DsdOrder>99</DsdOrder>
  </DocSetDetail>
  <DocSetDetail>
    <DsdId>5763077273797768752</DsdId>
    <DsdPid>00000000-0000-0000-0000-000000000000</DsdPid>
    <Uid>1</Uid>
    <DsCode>5036967707833574483</DsCode>
    <DsdTitle>说明</DsdTitle>
    <DsdContentMd>这是由系统生成的APi文档示例项目。</DsdContentMd>
    <DsdContentHtml>&lt;p&gt;这是由系统生成的APi文档示例项目。&lt;/p&gt;
</DsdContentHtml>
    <DsdCreateTime>2019-08-19T10:57:46+08:00</DsdCreateTime>
    <DsdUpdateTime>2019-08-19T10:57:46+08:00</DsdUpdateTime>
    <DsdOrder>1</DsdOrder>
  </DocSetDetail>
  <DocSetDetail>
    <DsdId>ea582cb8-6df4-4830-ab78-2c0ec432d998</DsdId>
    <DsdPid>00000000-0000-0000-0000-000000000000</DsdPid>
    <Uid>1</Uid>
    <DsCode>5036967707833574483</DsCode>
    <DsdTitle>一级目录A</DsdTitle>
    <DsdCreateTime>2019-01-16T15:50:24+08:00</DsdCreateTime>
    <DsdUpdateTime>2019-01-16T15:50:24+08:00</DsdUpdateTime>
    <DsdOrder>2</DsdOrder>
  </DocSetDetail>
  <DocSetDetail>
    <DsdId>eef025fe-7172-4787-a0df-fb2b57b4ec8d</DsdId>
    <DsdPid>ea582cb8-6df4-4830-ab78-2c0ec432d998</DsdPid>
    <Uid>1</Uid>
    <DsCode>5036967707833574483</DsCode>
    <DsdTitle>一级目录 AA</DsdTitle>
    <DsdCreateTime>2019-01-16T15:55:21+08:00</DsdCreateTime>
    <DsdUpdateTime>2019-01-16T15:55:21+08:00</DsdUpdateTime>
    <DsdOrder>2</DsdOrder>
  </DocSetDetail>
</NewDataSet>