<NewDataSet xmlns="dbo">
  <xs:schema id="NewDataSet" targetNamespace="dbo" xmlns:mstns="dbo" xmlns="dbo" xmlns:xs="http://www.w3.org/2001/XMLSchema" xmlns:msdata="urn:schemas-microsoft-com:xml-msdata" attributeFormDefault="qualified" elementFormDefault="qualified">
    <xs:element name="NewDataSet" msdata:IsDataSet="true" msdata:MainDataTable="dbo_x003A_Gist" msdata:UseCurrentLocale="true">
      <xs:complexType>
        <xs:choice minOccurs="0" maxOccurs="unbounded">
          <xs:element name="Gist" msdata:MinimumCapacity="10000">
            <xs:complexType>
              <xs:sequence>
                <xs:element name="GistId">
                  <xs:simpleType>
                    <xs:restriction base="xs:string">
                      <xs:maxLength value="50" />
                    </xs:restriction>
                  </xs:simpleType>
                </xs:element>
                <xs:element name="Uid" type="xs:int" minOccurs="0" />
                <xs:element name="GistCode" minOccurs="0">
                  <xs:simpleType>
                    <xs:restriction base="xs:string">
                      <xs:maxLength value="50" />
                    </xs:restriction>
                  </xs:simpleType>
                </xs:element>
                <xs:element name="GistFilename" minOccurs="0">
                  <xs:simpleType>
                    <xs:restriction base="xs:string">
                      <xs:maxLength value="50" />
                    </xs:restriction>
                  </xs:simpleType>
                </xs:element>
                <xs:element name="GistContent" minOccurs="0">
                  <xs:simpleType>
                    <xs:restriction base="xs:string">
                      <xs:maxLength value="2147483647" />
                    </xs:restriction>
                  </xs:simpleType>
                </xs:element>
                <xs:element name="GistContentPreview" minOccurs="0">
                  <xs:simpleType>
                    <xs:restriction base="xs:string">
                      <xs:maxLength value="2147483647" />
                    </xs:restriction>
                  </xs:simpleType>
                </xs:element>
                <xs:element name="GistRow" type="xs:int" minOccurs="0" />
                <xs:element name="GistLanguage" minOccurs="0">
                  <xs:simpleType>
                    <xs:restriction base="xs:string">
                      <xs:maxLength value="50" />
                    </xs:restriction>
                  </xs:simpleType>
                </xs:element>
                <xs:element name="GistTheme" minOccurs="0">
                  <xs:simpleType>
                    <xs:restriction base="xs:string">
                      <xs:maxLength value="50" />
                    </xs:restriction>
                  </xs:simpleType>
                </xs:element>
                <xs:element name="GistRemark" minOccurs="0">
                  <xs:simpleType>
                    <xs:restriction base="xs:string">
                      <xs:maxLength value="200" />
                    </xs:restriction>
                  </xs:simpleType>
                </xs:element>
                <xs:element name="GistTags" minOccurs="0">
                  <xs:simpleType>
                    <xs:restriction base="xs:string">
                      <xs:maxLength value="200" />
                    </xs:restriction>
                  </xs:simpleType>
                </xs:element>
                <xs:element name="GistCreateTime" type="xs:dateTime" minOccurs="0" />
                <xs:element name="GistUpdateTime" type="xs:dateTime" minOccurs="0" />
                <xs:element name="GistOpen" type="xs:int" minOccurs="0" />
                <xs:element name="GistStatus" type="xs:int" minOccurs="0" />
                <xs:element name="Spare1" minOccurs="0">
                  <xs:simpleType>
                    <xs:restriction base="xs:string">
                      <xs:maxLength value="50" />
                    </xs:restriction>
                  </xs:simpleType>
                </xs:element>
                <xs:element name="Spare2" minOccurs="0">
                  <xs:simpleType>
                    <xs:restriction base="xs:string">
                      <xs:maxLength value="50" />
                    </xs:restriction>
                  </xs:simpleType>
                </xs:element>
                <xs:element name="Spare3" minOccurs="0">
                  <xs:simpleType>
                    <xs:restriction base="xs:string">
                      <xs:maxLength value="50" />
                    </xs:restriction>
                  </xs:simpleType>
                </xs:element>
              </xs:sequence>
            </xs:complexType>
          </xs:element>
        </xs:choice>
      </xs:complexType>
    </xs:element>
  </xs:schema>
  <Gist>
    <GistId>a5b35411-817d-4d67-9e33-d1c53be608f6</GistId>
    <Uid>1</Uid>
    <GistCode>5373307231488995367</GistCode>
    <GistFilename>cat-name</GistFilename>
    <GistContent>hostnamectl # 信息一览

uname -a # Linux内核版本
uname -r
cat /proc/version
cat /etc/issue

cat /etc/redhat-release # RedHat（centos）</GistContent>
    <GistContentPreview>hostnamectl # 信息一览

uname -a # Linux内核版本
uname -r
cat /proc/version
cat /etc/issue

cat /etc/redhat-release # RedHat（centos）</GistContentPreview>
    <GistRow>8</GistRow>
    <GistLanguage>shell</GistLanguage>
    <GistTheme>vs</GistTheme>
    <GistRemark>查看linux系统的版本名称</GistRemark>
    <GistCreateTime>2019-09-26T15:51:51+08:00</GistCreateTime>
    <GistUpdateTime>2020-09-04T13:04:10+08:00</GistUpdateTime>
    <GistOpen>1</GistOpen>
    <GistStatus>1</GistStatus>
  </Gist>
</NewDataSet>