<NewDataSet xmlns="dbo">
  <xs:schema id="NewDataSet" targetNamespace="dbo" xmlns:mstns="dbo" xmlns="dbo" xmlns:xs="http://www.w3.org/2001/XMLSchema" xmlns:msdata="urn:schemas-microsoft-com:xml-msdata" attributeFormDefault="qualified" elementFormDefault="qualified">
    <xs:element name="NewDataSet" msdata:IsDataSet="true" msdata:MainDataTable="dbo_x003A_Run" msdata:UseCurrentLocale="true">
      <xs:complexType>
        <xs:choice minOccurs="0" maxOccurs="unbounded">
          <xs:element name="Run" msdata:MinimumCapacity="10000">
            <xs:complexType>
              <xs:sequence>
                <xs:element name="RunId">
                  <xs:simpleType>
                    <xs:restriction base="xs:string">
                      <xs:maxLength value="50" />
                    </xs:restriction>
                  </xs:simpleType>
                </xs:element>
                <xs:element name="Uid" type="xs:int" minOccurs="0" />
                <xs:element name="RunCode" minOccurs="0">
                  <xs:simpleType>
                    <xs:restriction base="xs:string">
                      <xs:maxLength value="50" />
                    </xs:restriction>
                  </xs:simpleType>
                </xs:element>
                <xs:element name="RunContent1" minOccurs="0">
                  <xs:simpleType>
                    <xs:restriction base="xs:string">
                      <xs:maxLength value="2147483647" />
                    </xs:restriction>
                  </xs:simpleType>
                </xs:element>
                <xs:element name="RunContent2" minOccurs="0">
                  <xs:simpleType>
                    <xs:restriction base="xs:string">
                      <xs:maxLength value="2147483647" />
                    </xs:restriction>
                  </xs:simpleType>
                </xs:element>
                <xs:element name="RunContent3" minOccurs="0">
                  <xs:simpleType>
                    <xs:restriction base="xs:string">
                      <xs:maxLength value="2147483647" />
                    </xs:restriction>
                  </xs:simpleType>
                </xs:element>
                <xs:element name="RunContent4" minOccurs="0">
                  <xs:simpleType>
                    <xs:restriction base="xs:string">
                      <xs:maxLength value="2147483647" />
                    </xs:restriction>
                  </xs:simpleType>
                </xs:element>
                <xs:element name="RunContent5" minOccurs="0">
                  <xs:simpleType>
                    <xs:restriction base="xs:string">
                      <xs:maxLength value="2147483647" />
                    </xs:restriction>
                  </xs:simpleType>
                </xs:element>
                <xs:element name="RunTheme" minOccurs="0">
                  <xs:simpleType>
                    <xs:restriction base="xs:string">
                      <xs:maxLength value="50" />
                    </xs:restriction>
                  </xs:simpleType>
                </xs:element>
                <xs:element name="RunRemark" minOccurs="0">
                  <xs:simpleType>
                    <xs:restriction base="xs:string">
                      <xs:maxLength value="200" />
                    </xs:restriction>
                  </xs:simpleType>
                </xs:element>
                <xs:element name="RunTags" minOccurs="0">
                  <xs:simpleType>
                    <xs:restriction base="xs:string">
                      <xs:maxLength value="200" />
                    </xs:restriction>
                  </xs:simpleType>
                </xs:element>
                <xs:element name="RunCreateTime" type="xs:dateTime" minOccurs="0" />
                <xs:element name="RunOpen" type="xs:int" minOccurs="0" />
                <xs:element name="RunStatus" type="xs:int" minOccurs="0" />
                <xs:element name="Spare1" minOccurs="0">
                  <xs:simpleType>
                    <xs:restriction base="xs:string">
                      <xs:maxLength value="50" />
                    </xs:restriction>
                  </xs:simpleType>
                </xs:element>
                <xs:element name="Spare2" minOccurs="0">
                  <xs:simpleType>
                    <xs:restriction base="xs:string">
                      <xs:maxLength value="50" />
                    </xs:restriction>
                  </xs:simpleType>
                </xs:element>
                <xs:element name="Spare3" minOccurs="0">
                  <xs:simpleType>
                    <xs:restriction base="xs:string">
                      <xs:maxLength value="50" />
                    </xs:restriction>
                  </xs:simpleType>
                </xs:element>
              </xs:sequence>
            </xs:complexType>
          </xs:element>
        </xs:choice>
      </xs:complexType>
    </xs:element>
  </xs:schema>
  <Run>
    <RunId>c0875be3-25cd-4811-a282-4ef0c003fbf7</RunId>
    <Uid>1</Uid>
    <RunCode>5211713099190887635</RunCode>
    <RunContent1>&lt;!DOCTYPE html&gt;
&lt;html&gt;

&lt;head&gt;
	&lt;meta name="viewport" content="width=device-width, initial-scale=1.0" /&gt;

	&lt;meta charset="utf-8" /&gt;
	&lt;meta name="referrer" content="never"&gt;

	&lt;script src="https://ss.netnr.com/jquery@3.6.1/dist/jquery.min.js"&gt;&lt;/script&gt;

	&lt;title&gt;NetnRun Demo&lt;/title&gt;

&lt;/head&gt;

&lt;body&gt;
	&lt;div class='content'&gt;
		&lt;div style='padding-right:40px'&gt;
			&lt;div&gt;&lt;/div&gt;
			&lt;div&gt;&lt;/div&gt;
			&lt;div&gt;&lt;/div&gt;
			&lt;div&gt;&lt;/div&gt;
			&lt;div&gt;&lt;/div&gt;
			&lt;div&gt;&lt;/div&gt;
			&lt;div&gt;&lt;/div&gt;
			&lt;div&gt;&lt;/div&gt;
		&lt;/div&gt;
		&lt;div style='padding-right:20px'&gt;
			&lt;div&gt;&lt;/div&gt;
			&lt;div&gt;&lt;/div&gt;
			&lt;div style='margin-right:122px'&gt;
			&lt;/div&gt;
		&lt;/div&gt;
		&lt;div&gt;
			&lt;div&gt;&lt;/div&gt;
			&lt;div&gt;&lt;/div&gt;
			&lt;div style='margin-right:142px'&gt;&lt;/div&gt;
		&lt;/div&gt;
		&lt;div&gt;
			&lt;div&gt;&lt;/div&gt;
			&lt;div style='margin-right:82px' class="play"&gt;&lt;/div&gt;
			&lt;div class="play"&gt;&lt;/div&gt;
			&lt;div style='margin-right:42px'&gt;&lt;/div&gt;
		&lt;/div&gt;
		&lt;div&gt;
			&lt;div&gt;&lt;/div&gt;
			&lt;div style='margin-right:62px' class="play"&gt;&lt;/div&gt;
			&lt;div class="play"&gt;&lt;/div&gt;
			&lt;div class="play"&gt;&lt;/div&gt;
			&lt;div style='margin-right:42px'&gt;&lt;/div&gt;
		&lt;/div&gt;
		&lt;div&gt;
			&lt;div&gt;&lt;/div&gt;
			&lt;div style='margin-right:42px' class="play"&gt;&lt;/div&gt;
			&lt;div class="play"&gt;&lt;/div&gt;
			&lt;div class="play"&gt;&lt;/div&gt;
			&lt;div class="play"&gt;&lt;/div&gt;
			&lt;div style='margin-right:42px'&gt;&lt;/div&gt;
		&lt;/div&gt;
		&lt;div&gt;
			&lt;div&gt;&lt;/div&gt;
			&lt;div style='margin-right:62px' class="play"&gt;&lt;/div&gt;
			&lt;div class="play"&gt;&lt;/div&gt;
			&lt;div class="play"&gt;&lt;/div&gt;
			&lt;div style='margin-right:42px'&gt;&lt;/div&gt;
		&lt;/div&gt;
		&lt;div&gt;
			&lt;div&gt;&lt;/div&gt;
			&lt;div style='margin-right:82px' class="play"&gt;&lt;/div&gt;
			&lt;div class="play"&gt;&lt;/div&gt;
			&lt;div style='margin-right:42px'&gt;&lt;/div&gt;
		&lt;/div&gt;
		&lt;div&gt;
			&lt;div style='margin-right:22px'&gt;&lt;/div&gt;
			&lt;div style='margin-right:142px'&gt;&lt;/div&gt;
		&lt;/div&gt;
		&lt;div&gt;
			&lt;div style='margin-right:42px'&gt;&lt;/div&gt;
			&lt;div&gt;&lt;/div&gt;
			&lt;div style='margin-right:102px'&gt;&lt;/div&gt;
		&lt;/div&gt;
		&lt;div&gt;
			&lt;div style='margin-right:62px'&gt;&lt;/div&gt;
			&lt;div&gt;&lt;/div&gt;
			&lt;div style='margin-right:82px'&gt;&lt;/div&gt;
		&lt;/div&gt;
		&lt;div&gt;
			&lt;div style='margin-right:42px'&gt;&lt;/div&gt;
			&lt;div&gt;&lt;/div&gt;
			&lt;div style='margin-right:102px'&gt;&lt;/div&gt;
		&lt;/div&gt;
		&lt;div&gt;
			&lt;div style='margin-right:22px'&gt;&lt;/div&gt;
			&lt;div&gt;&lt;/div&gt;
			&lt;div style='margin-right:122px'&gt;&lt;/div&gt;
		&lt;/div&gt;
		&lt;div&gt;
			&lt;div&gt;&lt;/div&gt;
			&lt;div&gt;&lt;/div&gt;
			&lt;div style='margin-right:142px'&gt;&lt;/div&gt;
		&lt;/div&gt;
		&lt;div&gt;
			&lt;div&gt;&lt;/div&gt;
			&lt;div style='margin-right:162px'&gt;&lt;/div&gt;
		&lt;/div&gt;
	&lt;/div&gt;
&lt;/body&gt;

&lt;/html&gt;</RunContent1>
    <RunContent2>animate();
$(".play").click(animate).mouseover(function () {
  $(".play").css({ "background-color": "#A55" });
}).mouseout(function () {
  $(".play").css({ "background-color": "#060" });
});
function animate() {
  $('div&gt;div&gt;div').each(function (id) {
    $(this).css({
      position: 'relative',
      top: '-200px',
      opacity: 0
    });
    var wait = Math.floor((Math.random() * 2500) + 1);
    $(this).delay(wait).animate({
      top: '0px',
      opacity: 1
    }, 1000);

  });
}</RunContent2>
    <RunContent3>body {
	margin:30px;
  	background-color:#1e1e1e;
}
.content {
	display:inline-block;
	width:350px;
	height:239px;
	margin-right:-4px;
}
.play {
	cursor:pointer;
	background-color:#060;
}
div&gt;div {
	display:block;
	height:20px;
}
div&gt;div&gt;div {
	width:16px;
	height:16px;
	background-color:rgb(57, 142, 182);
	float:right;
	margin:2px;
}</RunContent3>
    <RunTheme>vs</RunTheme>
    <RunRemark>NetnRun Demo</RunRemark>
    <RunCreateTime>2018-07-22T23:03:32+08:00</RunCreateTime>
    <RunOpen>1</RunOpen>
    <RunStatus>1</RunStatus>
  </Run>
</NewDataSet>