<NewDataSet xmlns="dbo">
  <xs:schema id="NewDataSet" targetNamespace="dbo" xmlns:mstns="dbo" xmlns="dbo" xmlns:xs="http://www.w3.org/2001/XMLSchema" xmlns:msdata="urn:schemas-microsoft-com:xml-msdata" attributeFormDefault="qualified" elementFormDefault="qualified">
    <xs:element name="NewDataSet" msdata:IsDataSet="true" msdata:MainDataTable="dbo_x003A_Tags" msdata:UseCurrentLocale="true">
      <xs:complexType>
        <xs:choice minOccurs="0" maxOccurs="unbounded">
          <xs:element name="Tags" msdata:MinimumCapacity="10000">
            <xs:complexType>
              <xs:sequence>
                <xs:element name="TagId" msdata:AutoIncrement="true" type="xs:int" />
                <xs:element name="TagName" minOccurs="0">
                  <xs:simpleType>
                    <xs:restriction base="xs:string">
                      <xs:maxLength value="50" />
                    </xs:restriction>
                  </xs:simpleType>
                </xs:element>
                <xs:element name="TagCode" minOccurs="0">
                  <xs:simpleType>
                    <xs:restriction base="xs:string">
                      <xs:maxLength value="20" />
                    </xs:restriction>
                  </xs:simpleType>
                </xs:element>
                <xs:element name="TagIcon" minOccurs="0">
                  <xs:simpleType>
                    <xs:restriction base="xs:string">
                      <xs:maxLength value="200" />
                    </xs:restriction>
                  </xs:simpleType>
                </xs:element>
                <xs:element name="TagPid" type="xs:int" minOccurs="0" />
                <xs:element name="TagOwner" type="xs:int" minOccurs="0" />
                <xs:element name="TagOrder" type="xs:int" minOccurs="0" />
                <xs:element name="TagStatus" type="xs:int" minOccurs="0" />
                <xs:element name="TagHot" type="xs:int" minOccurs="0" />
                <xs:element name="Spare1" minOccurs="0">
                  <xs:simpleType>
                    <xs:restriction base="xs:string">
                      <xs:maxLength value="50" />
                    </xs:restriction>
                  </xs:simpleType>
                </xs:element>
                <xs:element name="Spare2" minOccurs="0">
                  <xs:simpleType>
                    <xs:restriction base="xs:string">
                      <xs:maxLength value="50" />
                    </xs:restriction>
                  </xs:simpleType>
                </xs:element>
                <xs:element name="Spare3" minOccurs="0">
                  <xs:simpleType>
                    <xs:restriction base="xs:string">
                      <xs:maxLength value="50" />
                    </xs:restriction>
                  </xs:simpleType>
                </xs:element>
              </xs:sequence>
            </xs:complexType>
          </xs:element>
        </xs:choice>
      </xs:complexType>
    </xs:element>
  </xs:schema>
  <Tags>
    <TagId>96</TagId>
    <TagName>browser</TagName>
    <TagCode>browser</TagCode>
    <TagIcon>browser.svg</TagIcon>
    <TagStatus>1</TagStatus>
    <TagHot>2</TagHot>
    <Spare1 />
    <Spare2 />
    <Spare3 />
  </Tags>
  <Tags>
    <TagId>58</TagId>
    <TagName>https</TagName>
    <TagCode>https</TagCode>
    <TagIcon>https.svg</TagIcon>
    <TagStatus>1</TagStatus>
    <TagHot>0</TagHot>
    <Spare1 />
    <Spare2 />
    <Spare3 />
  </Tags>
</NewDataSet>