<NewDataSet xmlns="dbo">
  <xs:schema id="NewDataSet" targetNamespace="dbo" xmlns:mstns="dbo" xmlns="dbo" xmlns:xs="http://www.w3.org/2001/XMLSchema" xmlns:msdata="urn:schemas-microsoft-com:xml-msdata" attributeFormDefault="qualified" elementFormDefault="qualified">
    <xs:element name="NewDataSet" msdata:IsDataSet="true" msdata:MainDataTable="dbo_x003A_UserWriting" msdata:UseCurrentLocale="true">
      <xs:complexType>
        <xs:choice minOccurs="0" maxOccurs="unbounded">
          <xs:element name="UserWriting" msdata:MinimumCapacity="10000">
            <xs:complexType>
              <xs:sequence>
                <xs:element name="UwId" msdata:AutoIncrement="true" type="xs:int" />
                <xs:element name="Uid" type="xs:int" minOccurs="0" />
                <xs:element name="UwCategory" type="xs:int" minOccurs="0" />
                <xs:element name="UwTitle" minOccurs="0">
                  <xs:simpleType>
                    <xs:restriction base="xs:string">
                      <xs:maxLength value="200" />
                    </xs:restriction>
                  </xs:simpleType>
                </xs:element>
                <xs:element name="UwContent" minOccurs="0">
                  <xs:simpleType>
                    <xs:restriction base="xs:string">
                      <xs:maxLength value="2147483647" />
                    </xs:restriction>
                  </xs:simpleType>
                </xs:element>
                <xs:element name="UwContentMd" minOccurs="0">
                  <xs:simpleType>
                    <xs:restriction base="xs:string">
                      <xs:maxLength value="2147483647" />
                    </xs:restriction>
                  </xs:simpleType>
                </xs:element>
                <xs:element name="UwCreateTime" type="xs:dateTime" minOccurs="0" />
                <xs:element name="UwUpdateTime" type="xs:dateTime" minOccurs="0" />
                <xs:element name="UwLastUid" type="xs:int" minOccurs="0" />
                <xs:element name="UwLastDate" type="xs:dateTime" minOccurs="0" />
                <xs:element name="UwReplyNum" type="xs:int" minOccurs="0" />
                <xs:element name="UwReadNum" type="xs:int" minOccurs="0" />
                <xs:element name="UwOpen" type="xs:int" minOccurs="0" />
                <xs:element name="UwLaud" type="xs:int" minOccurs="0" />
                <xs:element name="UwMark" type="xs:int" minOccurs="0" />
                <xs:element name="UwStatus" type="xs:int" minOccurs="0" />
                <xs:element name="Spare1" minOccurs="0">
                  <xs:simpleType>
                    <xs:restriction base="xs:string">
                      <xs:maxLength value="50" />
                    </xs:restriction>
                  </xs:simpleType>
                </xs:element>
                <xs:element name="Spare2" minOccurs="0">
                  <xs:simpleType>
                    <xs:restriction base="xs:string">
                      <xs:maxLength value="50" />
                    </xs:restriction>
                  </xs:simpleType>
                </xs:element>
                <xs:element name="Spare3" minOccurs="0">
                  <xs:simpleType>
                    <xs:restriction base="xs:string">
                      <xs:maxLength value="50" />
                    </xs:restriction>
                  </xs:simpleType>
                </xs:element>
              </xs:sequence>
            </xs:complexType>
          </xs:element>
        </xs:choice>
      </xs:complexType>
    </xs:element>
  </xs:schema>
  <UserWriting>
    <UwId>117</UwId>
    <Uid>1</Uid>
    <UwCategory>0</UwCategory>
    <UwTitle>删除 Chrome 和 Firefox 的 HSTS，不再强制跳转 HTTPS</UwTitle>
    <UwContent>&lt;h3 id="toc_0"&gt;HSTS&lt;/h3&gt;
&lt;p&gt;是什么？&lt;br&gt;自己的理解：设置一个网站在指定时间内，所有的 HTTP 强制跳转 HTTPS 请求&lt;br&gt;浏览器本地会记录，如果不清除记录，那么始终会以 https 访问&lt;/p&gt;
&lt;p&gt;有什么问题？&lt;br&gt;如果一个站点设置了 HSTS，后面不再支持 HTTPS 只支持 HTTP 访问，就需要删除 HSTS&lt;/p&gt;
&lt;p&gt;删除 HSTS&lt;br&gt;Chrome 或 谷歌内核的浏览器 打开 &lt;code&gt;chrome://net-internals/#hsts&lt;/code&gt;&lt;br&gt;&lt;strong&gt;Delete domain security policies&lt;/strong&gt; 输入域名 点击  &lt;strong&gt;Delete&lt;/strong&gt;  按钮&lt;/p&gt;
&lt;p&gt;Firefox 打开 &lt;code&gt;about:support&lt;/code&gt; 配置文件夹，打开文件夹找到 &lt;strong&gt;SiteSecurityServiceState.txt&lt;/strong&gt; 记事本&lt;br&gt;搜索域名，删除对应的一行记录&lt;/p&gt;
&lt;hr&gt;
&lt;h3 id="toc_1"&gt;Chrome 允许 HTTPS 向 localhost 请求，即使证书无效&lt;/h3&gt;
&lt;p&gt;打开 &lt;code&gt;chrome://flags/#allow-insecure-localhost&lt;/code&gt; 设置为启用&lt;/p&gt;
</UwContent>
    <UwContentMd>### HSTS
是什么？  
自己的理解：设置一个网站在指定时间内，所有的 HTTP 强制跳转 HTTPS 请求  
浏览器本地会记录，如果不清除记录，那么始终会以 https 访问

有什么问题？  
如果一个站点设置了 HSTS，后面不再支持 HTTPS 只支持 HTTP 访问，就需要删除 HSTS

删除 HSTS  
Chrome 或 谷歌内核的浏览器 打开 `chrome://net-internals/#hsts`  
**Delete domain security policies** 输入域名 点击  **Delete**  按钮

Firefox 打开 `about:support` 配置文件夹，打开文件夹找到 **SiteSecurityServiceState.txt** 记事本  
搜索域名，删除对应的一行记录

---

### Chrome 允许 HTTPS 向 localhost 请求，即使证书无效
打开 `chrome://flags/#allow-insecure-localhost` 设置为启用
</UwContentMd>
    <UwCreateTime>2019-05-05T17:26:09+08:00</UwCreateTime>
    <UwUpdateTime>2022-09-07T10:48:20.397+08:00</UwUpdateTime>
    <UwLastUid>1</UwLastUid>
    <UwLastDate>2021-01-24T07:20:06+08:00</UwLastDate>
    <UwReplyNum>3</UwReplyNum>
    <UwReadNum>1976</UwReadNum>
    <UwOpen>1</UwOpen>
    <UwLaud>0</UwLaud>
    <UwMark>0</UwMark>
    <UwStatus>1</UwStatus>
  </UserWriting>
</NewDataSet>