<NewDataSet xmlns="dbo">
  <xs:schema id="NewDataSet" targetNamespace="dbo" xmlns:mstns="dbo" xmlns="dbo" xmlns:xs="http://www.w3.org/2001/XMLSchema" xmlns:msdata="urn:schemas-microsoft-com:xml-msdata" attributeFormDefault="qualified" elementFormDefault="qualified">
    <xs:element name="NewDataSet" msdata:IsDataSet="true" msdata:MainDataTable="dbo_x003A_Draw" msdata:UseCurrentLocale="true">
      <xs:complexType>
        <xs:choice minOccurs="0" maxOccurs="unbounded">
          <xs:element name="Draw" msdata:MinimumCapacity="10000">
            <xs:complexType>
              <xs:sequence>
                <xs:element name="DrId">
                  <xs:simpleType>
                    <xs:restriction base="xs:string">
                      <xs:maxLength value="50" />
                    </xs:restriction>
                  </xs:simpleType>
                </xs:element>
                <xs:element name="Uid" type="xs:int" minOccurs="0" />
                <xs:element name="DrType" minOccurs="0">
                  <xs:simpleType>
                    <xs:restriction base="xs:string">
                      <xs:maxLength value="50" />
                    </xs:restriction>
                  </xs:simpleType>
                </xs:element>
                <xs:element name="DrName" minOccurs="0">
                  <xs:simpleType>
                    <xs:restriction base="xs:string">
                      <xs:maxLength value="50" />
                    </xs:restriction>
                  </xs:simpleType>
                </xs:element>
                <xs:element name="DrContent" minOccurs="0">
                  <xs:simpleType>
                    <xs:restriction base="xs:string">
                      <xs:maxLength value="2147483647" />
                    </xs:restriction>
                  </xs:simpleType>
                </xs:element>
                <xs:element name="DrRemark" minOccurs="0">
                  <xs:simpleType>
                    <xs:restriction base="xs:string">
                      <xs:maxLength value="200" />
                    </xs:restriction>
                  </xs:simpleType>
                </xs:element>
                <xs:element name="DrCategory" minOccurs="0">
                  <xs:simpleType>
                    <xs:restriction base="xs:string">
                      <xs:maxLength value="20" />
                    </xs:restriction>
                  </xs:simpleType>
                </xs:element>
                <xs:element name="DrOrder" type="xs:int" minOccurs="0" />
                <xs:element name="DrCreateTime" type="xs:dateTime" minOccurs="0" />
                <xs:element name="DrStatus" type="xs:int" minOccurs="0" />
                <xs:element name="DrOpen" type="xs:int" minOccurs="0" />
                <xs:element name="Spare1" minOccurs="0">
                  <xs:simpleType>
                    <xs:restriction base="xs:string">
                      <xs:maxLength value="50" />
                    </xs:restriction>
                  </xs:simpleType>
                </xs:element>
                <xs:element name="Spare2" minOccurs="0">
                  <xs:simpleType>
                    <xs:restriction base="xs:string">
                      <xs:maxLength value="50" />
                    </xs:restriction>
                  </xs:simpleType>
                </xs:element>
                <xs:element name="Spare3" minOccurs="0">
                  <xs:simpleType>
                    <xs:restriction base="xs:string">
                      <xs:maxLength value="50" />
                    </xs:restriction>
                  </xs:simpleType>
                </xs:element>
              </xs:sequence>
            </xs:complexType>
          </xs:element>
        </xs:choice>
      </xs:complexType>
    </xs:element>
  </xs:schema>
  <Draw>
    <DrId>d4969500168496794720</DrId>
    <Uid>1</Uid>
    <DrType>draw</DrType>
    <DrName>绘图示例</DrName>
    <DrContent>&lt;mxGraphModel dx="1422" dy="785" grid="1" gridSize="10" guides="1" tooltips="1" connect="1" arrows="1" fold="1" page="1" pageScale="1" pageWidth="827" pageHeight="1169"&gt;&lt;root&gt;&lt;mxCell id="0"/&gt;&lt;mxCell id="1" parent="0"/&gt;&lt;mxCell id="2" style="edgeStyle=orthogonalEdgeStyle;rounded=0;orthogonalLoop=1;jettySize=auto;html=1;strokeWidth=2;" parent="1" source="3" target="5" edge="1"&gt;&lt;mxGeometry relative="1" as="geometry"/&gt;&lt;/mxCell&gt;&lt;mxCell id="3" value="开始" style="ellipse;whiteSpace=wrap;html=1;aspect=fixed;strokeWidth=2;" parent="1" vertex="1"&gt;&lt;mxGeometry x="160" y="360" width="80" height="80" as="geometry"/&gt;&lt;/mxCell&gt;&lt;mxCell id="4" style="edgeStyle=orthogonalEdgeStyle;rounded=0;orthogonalLoop=1;jettySize=auto;html=1;entryX=0.5;entryY=0;entryDx=0;entryDy=0;strokeWidth=2;" parent="1" source="5" target="6" edge="1"&gt;&lt;mxGeometry relative="1" as="geometry"/&gt;&lt;/mxCell&gt;&lt;mxCell id="5" value="任务" style="rounded=0;whiteSpace=wrap;html=1;strokeWidth=2;" parent="1" vertex="1"&gt;&lt;mxGeometry x="353" y="370" width="120" height="60" as="geometry"/&gt;&lt;/mxCell&gt;&lt;mxCell id="6" value="结束" style="whiteSpace=wrap;html=1;aspect=fixed;strokeWidth=2;" parent="1" vertex="1"&gt;&lt;mxGeometry x="373" y="540" width="80" height="80" as="geometry"/&gt;&lt;/mxCell&gt;&lt;/root&gt;&lt;/mxGraphModel&gt;</DrContent>
    <DrOrder>100</DrOrder>
    <DrCreateTime>2019-07-12T17:44:00+08:00</DrCreateTime>
    <DrStatus>1</DrStatus>
    <DrOpen>1</DrOpen>
  </Draw>
  <Draw>
    <DrId>m4976065893797151245</DrId>
    <Uid>1</Uid>
    <DrType>mind</DrType>
    <DrName>思维导图示例</DrName>
    <DrContent>{"root":{"data":{"id":"bvn8uyhsyx40","created":1563540527801,"text":"项目开发","font-size":18},"children":[{"data":{"id":"bvn9tsdqdeg0","created":1563543257240,"text":"项目结构","layout":null,"font-size":18},"children":[{"data":{"id":"bvn9tsdqnu80","created":1563543257240,"text":"010 项目立项","layout":null,"font-size":18},"children":[{"data":{"id":"bvn9tsdrrog0","created":1563543257242,"text":"会议纪要","layout":null,"font-size":18},"children":[]},{"data":{"id":"bvn9tsdrkg00","created":1563543257242,"text":"技术方案","layout":null,"font-size":18},"children":[]},{"data":{"id":"bvn9tsdrj680","created":1563543257242,"text":"施工组织方案","layout":null,"font-size":18},"children":[]},{"data":{"id":"bvn9tsdrka00","created":1563543257242,"text":"项目人员通讯录","layout":null,"font-size":18},"children":[]}]},{"data":{"id":"bvn9tsdsgrs0","created":1563543257243,"text":"020 项目计划","layout":null,"font-size":18},"children":[{"data":{"id":"bvn9tsdsuig0","created":1563543257244,"text":"整体计划","layout":null,"font-size":18},"children":[]},{"data":{"id":"bvn9tsdskdc0","created":1563543257244,"text":"详细计划表","layout":null,"font-size":18},"children":[]}]},{"data":{"id":"bvn9tsdsz940","created":1563543257244,"text":"030 需求开发","layout":null,"font-size":18},"children":[{"data":{"id":"bvn9tsdsmrk0","created":1563543257244,"text":"需求规格说明书","layout":null,"font-size":18},"children":[]},{"data":{"id":"bvn9tsdt0mo0","created":1563543257244,"text":"调研报告","layout":null,"font-size":18},"children":[]},{"data":{"id":"bvn9tsdtd2w0","created":1563543257245,"text":"流程图","layout":null,"font-size":18},"children":[]}]},{"data":{"id":"bvn9tsdttwg0","created":1563543257246,"text":"040 系统设计","layout":null,"font-size":18},"children":[{"data":{"id":"bvn9tsdtrbc0","created":1563543257246,"text":"原型图","layout":null,"font-size":18},"children":[]},{"data":{"id":"bvn9tsdui340","created":1563543257247,"text":"系统数据库设计表","layout":null,"font-size":18},"children":[]},{"data":{"id":"bvn9tsdunqo0","created":1563543257247,"text":"系统详细设计说明书","layout":null,"font-size":18},"children":[]}]},{"data":{"id":"bvn9tsdv4zc0","created":1563543257248,"text":"050 编码","layout":null,"font-size":18},"children":[{"data":{"id":"bvn9tsdv5fc0","created":1563543257248,"text":"项目源代码","layout":null,"font-size":18},"children":[]}]},{"data":{"id":"bvn9tsdv4ww0","created":1563543257248,"text":"060 测试","layout":null,"font-size":18},"children":[]},{"data":{"id":"bvn9tsdv0ww0","created":1563543257248,"text":"070 用户文档","layout":null,"font-size":18},"children":[]},{"data":{"id":"bvn9tsdvaxs0","created":1563543257248,"text":"080 产品验收","layout":null,"font-size":18},"children":[]},{"data":{"id":"bvn9tsdvits0","created":1563543257249,"text":"090 项目结项","layout":null,"font-size":18},"children":[]},{"data":{"id":"bvn9tsdvy1s0","created":1563543257249,"text":"100 项目管理","layout":null,"font-size":18},"children":[]},{"data":{"id":"bvn9tsdwc280","created":1563543257250,"text":"110 质保管理","layout":null,"font-size":18},"children":[]},{"data":{"id":"bvn9tsdwb0g0","created":1563543257250,"text":"120 规范性文档","layout":null,"font-size":18},"children":[{"data":{"id":"bvn9tsdwioo0","created":1563543257250,"text":"项目开发规范性说明","layout":null,"font-size":18},"children":[]}]},{"data":{"id":"bvn9tsdw7u00","created":1563543257250,"text":"130 参考资料","layout":null,"font-size":18},"children":[{"data":{"id":"bvn9tsdwogg0","created":1563543257251,"text":"客户提供的资料","layout":null,"font-size":18},"children":[]}]},{"data":{"id":"bvn9tsdwu9k0","created":1563543257251,"text":"140 项目培训","layout":null,"font-size":18},"children":[]},{"data":{"id":"bvn9tsdwoao0","created":1563543257251,"text":"150 招标文件","layout":null,"font-size":18},"children":[]},{"data":{"id":"bvn9tsdxxmg0","created":1563543257253,"text":"160 投标文件","layout":null,"font-size":18},"children":[]},{"data":{"id":"bvn9tsdy5qg0","created":1563543257253,"text":"170 问题列表","layout":null,"font-size":18},"children":[{"data":{"id":"bvn9tsdy7mw0","created":1563543257253,"text":"项目开发中遇到的问题","layout":null,"font-size":18},"children":[]}]}]},{"data":{"id":"bvn9u63zh6w0","created":1563543287126,"text":"01 启动","layout":null,"font-size":18},"children":[{"data":{"id":"bvn9u640m7c0","created":1563543287127,"text":"调研报告","layout":null,"font-size":18},"children":[]},{"data":{"id":"bvn9u6413s00","created":1563543287128,"text":"合同信息","layout":null,"font-size":18},"children":[]},{"data":{"id":"bvn9u641q940","created":1563543287129,"text":"技术方案","layout":null,"font-size":18},"children":[]},{"data":{"id":"bvn9u641qgo0","created":1563543287129,"text":"人员通讯（甲、乙）","layout":null,"font-size":18},"children":[]},{"data":{"id":"bvn9u641okg0","created":1563543287129,"text":"总体计划","layout":null,"font-size":18},"children":[]}]},{"data":{"id":"bvn9uf7yixs0","created":1563543306957,"text":"02 过程","layout":null,"font-size":18},"children":[{"data":{"id":"bvn9uf7zf2o0","created":1563543306958,"text":"调研报告","layout":null,"font-size":18},"children":[]},{"data":{"id":"bvn9uf7z08o0","created":1563543306958,"text":"需求说明书","layout":null,"font-size":18},"children":[]},{"data":{"id":"bvn9uf7zh680","created":1563543306958,"text":"系统详细设计说明书","layout":null,"font-size":18},"children":[]},{"data":{"id":"bvn9uf7z3ls0","created":1563543306958,"text":"系统数据库设计表","layout":null,"font-size":18},"children":[]}]},{"data":{"id":"bvnoouiloqw0","created":1563585186716,"text":"周报","layout":null,"font-size":18},"children":[]}]},"template":"default","theme":"classic","version":"1.4.43"}</DrContent>
    <DrOrder>100</DrOrder>
    <DrCreateTime>2019-07-20T08:07:48+08:00</DrCreateTime>
    <DrStatus>1</DrStatus>
    <DrOpen>1</DrOpen>
  </Draw>
</NewDataSet>