<NewDataSet xmlns="dbo">
  <xs:schema id="NewDataSet" targetNamespace="dbo" xmlns:mstns="dbo" xmlns="dbo" xmlns:xs="http://www.w3.org/2001/XMLSchema" xmlns:msdata="urn:schemas-microsoft-com:xml-msdata" attributeFormDefault="qualified" elementFormDefault="qualified">
    <xs:element name="NewDataSet" msdata:IsDataSet="true" msdata:MainDataTable="dbo_x003A_DocSet" msdata:UseCurrentLocale="true">
      <xs:complexType>
        <xs:choice minOccurs="0" maxOccurs="unbounded">
          <xs:element name="DocSet" msdata:MinimumCapacity="10000">
            <xs:complexType>
              <xs:sequence>
                <xs:element name="DsCode">
                  <xs:simpleType>
                    <xs:restriction base="xs:string">
                      <xs:maxLength value="50" />
                    </xs:restriction>
                  </xs:simpleType>
                </xs:element>
                <xs:element name="Uid" type="xs:int" minOccurs="0" />
                <xs:element name="DsName" minOccurs="0">
                  <xs:simpleType>
                    <xs:restriction base="xs:string">
                      <xs:maxLength value="50" />
                    </xs:restriction>
                  </xs:simpleType>
                </xs:element>
                <xs:element name="DsRemark" minOccurs="0">
                  <xs:simpleType>
                    <xs:restriction base="xs:string">
                      <xs:maxLength value="200" />
                    </xs:restriction>
                  </xs:simpleType>
                </xs:element>
                <xs:element name="DsCreateTime" type="xs:dateTime" minOccurs="0" />
                <xs:element name="DsOpen" type="xs:int" minOccurs="0" />
                <xs:element name="DsStatus" type="xs:int" minOccurs="0" />
                <xs:element name="Spare1" minOccurs="0">
                  <xs:simpleType>
                    <xs:restriction base="xs:string">
                      <xs:maxLength value="50" />
                    </xs:restriction>
                  </xs:simpleType>
                </xs:element>
                <xs:element name="Spare2" minOccurs="0">
                  <xs:simpleType>
                    <xs:restriction base="xs:string">
                      <xs:maxLength value="50" />
                    </xs:restriction>
                  </xs:simpleType>
                </xs:element>
                <xs:element name="Spare3" minOccurs="0">
                  <xs:simpleType>
                    <xs:restriction base="xs:string">
                      <xs:maxLength value="50" />
                    </xs:restriction>
                  </xs:simpleType>
                </xs:element>
              </xs:sequence>
            </xs:complexType>
          </xs:element>
        </xs:choice>
      </xs:complexType>
    </xs:element>
  </xs:schema>
  <DocSet>
    <DsCode>4840050256984581805</DsCode>
    <Uid>1</Uid>
    <DsName>字典示例</DsName>
    <DsRemark>数据字典例子</DsRemark>
    <DsCreateTime>2019-01-16T16:07:01+08:00</DsCreateTime>
    <DsOpen>1</DsOpen>
    <DsStatus>1</DsStatus>
  </DocSet>
  <DocSet>
    <DsCode>5036967707833574483</DsCode>
    <Uid>1</Uid>
    <DsName>文档示例</DsName>
    <DsRemark>展示文档示例</DsRemark>
    <DsCreateTime>2019-01-16T15:48:38+08:00</DsCreateTime>
    <DsOpen>1</DsOpen>
    <DsStatus>1</DsStatus>
  </DocSet>
</NewDataSet>