<NewDataSet xmlns="dbo">
  <xs:schema id="NewDataSet" targetNamespace="dbo" xmlns:mstns="dbo" xmlns="dbo" xmlns:xs="http://www.w3.org/2001/XMLSchema" xmlns:msdata="urn:schemas-microsoft-com:xml-msdata" attributeFormDefault="qualified" elementFormDefault="qualified">
    <xs:element name="NewDataSet" msdata:IsDataSet="true" msdata:MainDataTable="dbo_x003A_UserReply" msdata:UseCurrentLocale="true">
      <xs:complexType>
        <xs:choice minOccurs="0" maxOccurs="unbounded">
          <xs:element name="UserReply" msdata:MinimumCapacity="10000">
            <xs:complexType>
              <xs:sequence>
                <xs:element name="UrId" msdata:AutoIncrement="true" type="xs:int" />
                <xs:element name="Uid" type="xs:int" minOccurs="0" />
                <xs:element name="UrAnonymousName" minOccurs="0">
                  <xs:simpleType>
                    <xs:restriction base="xs:string">
                      <xs:maxLength value="20" />
                    </xs:restriction>
                  </xs:simpleType>
                </xs:element>
                <xs:element name="UrAnonymousLink" minOccurs="0">
                  <xs:simpleType>
                    <xs:restriction base="xs:string">
                      <xs:maxLength value="50" />
                    </xs:restriction>
                  </xs:simpleType>
                </xs:element>
                <xs:element name="UrAnonymousMail" minOccurs="0">
                  <xs:simpleType>
                    <xs:restriction base="xs:string">
                      <xs:maxLength value="100" />
                    </xs:restriction>
                  </xs:simpleType>
                </xs:element>
                <xs:element name="UrTargetType" minOccurs="0">
                  <xs:simpleType>
                    <xs:restriction base="xs:string">
                      <xs:maxLength value="200" />
                    </xs:restriction>
                  </xs:simpleType>
                </xs:element>
                <xs:element name="UrTargetId" minOccurs="0">
                  <xs:simpleType>
                    <xs:restriction base="xs:string">
                      <xs:maxLength value="50" />
                    </xs:restriction>
                  </xs:simpleType>
                </xs:element>
                <xs:element name="UrContent" minOccurs="0">
                  <xs:simpleType>
                    <xs:restriction base="xs:string">
                      <xs:maxLength value="2147483647" />
                    </xs:restriction>
                  </xs:simpleType>
                </xs:element>
                <xs:element name="UrContentMd" minOccurs="0">
                  <xs:simpleType>
                    <xs:restriction base="xs:string">
                      <xs:maxLength value="2147483647" />
                    </xs:restriction>
                  </xs:simpleType>
                </xs:element>
                <xs:element name="UrCreateTime" type="xs:dateTime" minOccurs="0" />
                <xs:element name="UrStatus" type="xs:int" minOccurs="0" />
                <xs:element name="UrTargetPid" type="xs:int" minOccurs="0" />
                <xs:element name="Spare1" minOccurs="0">
                  <xs:simpleType>
                    <xs:restriction base="xs:string">
                      <xs:maxLength value="50" />
                    </xs:restriction>
                  </xs:simpleType>
                </xs:element>
                <xs:element name="Spare2" minOccurs="0">
                  <xs:simpleType>
                    <xs:restriction base="xs:string">
                      <xs:maxLength value="50" />
                    </xs:restriction>
                  </xs:simpleType>
                </xs:element>
                <xs:element name="Spare3" minOccurs="0">
                  <xs:simpleType>
                    <xs:restriction base="xs:string">
                      <xs:maxLength value="50" />
                    </xs:restriction>
                  </xs:simpleType>
                </xs:element>
              </xs:sequence>
            </xs:complexType>
          </xs:element>
        </xs:choice>
      </xs:complexType>
    </xs:element>
  </xs:schema>
  <UserReply>
    <UrId>59</UrId>
    <Uid>0</Uid>
    <UrAnonymousName>netnr</UrAnonymousName>
    <UrAnonymousLink>https://zme.ink</UrAnonymousLink>
    <UrAnonymousMail>netnr@netnr.com</UrAnonymousMail>
    <UrTargetType>UserWriting</UrTargetType>
    <UrTargetId>117</UrTargetId>
    <UrContent>&lt;p&gt;不用登录，支持匿名留言啦&lt;/p&gt;
</UrContent>
    <UrContentMd>不用登录，支持匿名留言啦</UrContentMd>
    <UrCreateTime>2019-06-27T17:19:04+08:00</UrCreateTime>
    <UrStatus>1</UrStatus>
    <UrTargetPid>0</UrTargetPid>
  </UserReply>
  <UserReply>
    <UrId>1119</UrId>
    <Uid>0</Uid>
    <UrAnonymousName>ff</UrAnonymousName>
    <UrAnonymousMail>ff</UrAnonymousMail>
    <UrTargetType>UserWriting</UrTargetType>
    <UrTargetId>117</UrTargetId>
    <UrContent>&lt;p&gt;是的发送到发&lt;/p&gt;
</UrContent>
    <UrContentMd>是的发送到发</UrContentMd>
    <UrCreateTime>2019-12-24T15:16:18+08:00</UrCreateTime>
    <UrStatus>2</UrStatus>
    <UrTargetPid>0</UrTargetPid>
  </UserReply>
  <UserReply>
    <UrId>1155</UrId>
    <Uid>1</Uid>
    <UrTargetType>UserWriting</UrTargetType>
    <UrTargetId>117</UrTargetId>
    <UrContent>&lt;p&gt;已关闭匿名回复&lt;/p&gt;
</UrContent>
    <UrContentMd>已关闭匿名回复</UrContentMd>
    <UrCreateTime>2021-01-24T07:20:06+08:00</UrCreateTime>
    <UrStatus>1</UrStatus>
    <UrTargetPid>0</UrTargetPid>
  </UserReply>
</NewDataSet>