<?xml version="1.0" standalone="yes"?>
<NewDataSet>
  <xs:schema id="NewDataSet" xmlns="" xmlns:xs="http://www.w3.org/2001/XMLSchema" xmlns:msdata="urn:schemas-microsoft-com:xml-msdata">
    <xs:element name="NewDataSet" msdata:IsDataSet="true" msdata:MainDataTable="GuffRecord" msdata:UseCurrentLocale="true">
      <xs:complexType>
        <xs:choice minOccurs="0" maxOccurs="unbounded">
          <xs:element name="GuffRecord">
            <xs:complexType>
              <xs:sequence>
                <xs:element name="GrId" type="xs:string" />
                <xs:element name="Uid" type="xs:int" minOccurs="0" />
                <xs:element name="GrTypeName" type="xs:string" minOccurs="0" />
                <xs:element name="GrTypeValue" type="xs:string" minOccurs="0" />
                <xs:element name="GrObject" type="xs:string" minOccurs="0" />
                <xs:element name="GrContent" type="xs:string" minOccurs="0" />
                <xs:element name="GrContentMd" type="xs:string" minOccurs="0" />
                <xs:element name="GrImage" type="xs:string" minOccurs="0" />
                <xs:element name="GrAudio" type="xs:string" minOccurs="0" />
                <xs:element name="GrVideo" type="xs:string" minOccurs="0" />
                <xs:element name="GrFile" type="xs:string" minOccurs="0" />
                <xs:element name="GrRemark" type="xs:string" minOccurs="0" />
                <xs:element name="GrTag" type="xs:string" minOccurs="0" />
                <xs:element name="GrCreateTime" type="xs:dateTime" minOccurs="0" />
                <xs:element name="GrUpdateTime" type="xs:dateTime" minOccurs="0" />
                <xs:element name="GrReplyNum" type="xs:int" minOccurs="0" />
                <xs:element name="GrOpen" type="xs:int" minOccurs="0" />
                <xs:element name="GrReadNum" type="xs:int" minOccurs="0" />
                <xs:element name="GrLaud" type="xs:int" minOccurs="0" />
                <xs:element name="GrMark" type="xs:int" minOccurs="0" />
                <xs:element name="GrStatus" type="xs:int" minOccurs="0" />
                <xs:element name="Spare1" type="xs:string" minOccurs="0" />
                <xs:element name="Spare2" type="xs:string" minOccurs="0" />
                <xs:element name="Spare3" type="xs:string" minOccurs="0" />
              </xs:sequence>
            </xs:complexType>
          </xs:element>
        </xs:choice>
      </xs:complexType>
    </xs:element>
  </xs:schema>
</NewDataSet>