<?xml version="1.0" standalone="yes"?>
<NewDataSet>
  <xs:schema id="NewDataSet" xmlns="" xmlns:xs="http://www.w3.org/2001/XMLSchema" xmlns:msdata="urn:schemas-microsoft-com:xml-msdata">
    <xs:element name="NewDataSet" msdata:IsDataSet="true" msdata:MainDataTable="UserWritingTags" msdata:UseCurrentLocale="true">
      <xs:complexType>
        <xs:choice minOccurs="0" maxOccurs="unbounded">
          <xs:element name="UserWritingTags">
            <xs:complexType>
              <xs:sequence>
                <xs:element name="UwtId" msdata:AutoIncrement="true" type="xs:int" />
                <xs:element name="UwId" type="xs:int" />
                <xs:element name="TagId" type="xs:int" minOccurs="0" />
                <xs:element name="TagName" type="xs:string" minOccurs="0" />
                <xs:element name="TagCode" type="xs:string" minOccurs="0" />
                <xs:element name="Spare1" type="xs:string" minOccurs="0" />
                <xs:element name="Spare2" type="xs:string" minOccurs="0" />
                <xs:element name="Spare3" type="xs:string" minOccurs="0" />
              </xs:sequence>
            </xs:complexType>
          </xs:element>
        </xs:choice>
      </xs:complexType>
    </xs:element>
  </xs:schema>
  <UserWritingTags>
    <UwtId>535</UwtId>
    <UwId>117</UwId>
    <TagId>58</TagId>
    <TagName>https</TagName>
  </UserWritingTags>
  <UserWritingTags>
    <UwtId>536</UwtId>
    <UwId>117</UwId>
    <TagId>96</TagId>
    <TagName>browser</TagName>
  </UserWritingTags>
</NewDataSet>